taskround,dataset_flag,static_flag,location,fine_grained_analysis_flag,date,file_path,min_ts,max_ts,max_lat,min_lat,max_lon,min_lon,static_flag_new
uldl-a-campus-home,old,driving,,,20241226,20241226/gps_cellset_thput_0.1/gct_trace_uldl-a-campus-home.csv,1735256266.6,1735256849.1,40.4313724,40.4211676,-86.898447,-86.9167782,driving
a-uldl-r1-1,old,static,AP4,,20250120,20250120/gps_cellset_thput_0.1/gct_trace_a-uldl-r1-1.csv,1737401118.9,1737401936.5,40.43421,40.4212,-86.89844,-86.91668,driving
a-uldl-r1-2,old,driving,,,20250120,20250120/gps_cellset_thput_0.1/gct_trace_a-uldl-r1-2.csv,1737401964.4,1737402735.9,40.43421,40.42219,-86.9009911,-86.91667,driving
a-uldl-r3-1,old,driving,,,20250120,20250120/gps_cellset_thput_0.1/gct_trace_a-uldl-r3-1.csv,1737402769.3,1737403570.9,40.46888,40.43247,-86.89807,-86.92454,driving
a-uldl-r3-2,old,driving,,,20250120,20250120/gps_cellset_thput_0.1/gct_trace_a-uldl-r3-2.csv,1737403606.3,1737404016.1,40.46888,40.45931,-86.89956,-86.92454,driving
a-uldl-r2-2,old,driving,,,20250120,20250120/gps_cellset_thput_0.1/gct_trace_a-uldl-r2-2.csv,1737404060.6,1737405688.3,40.46891,40.42115,-86.89807,-86.9158,driving
a-uldl-home-lwsn-1,old,static,AP4,,20250121,20250121/gps_cellset_thput_0.1/gct_trace_a-uldl-home-lwsn-1.csv,1737481449.6,1737482187.3,40.4289,40.42121,-86.89846,-86.91663,driving
a-uldl-lwsn-home-1,old,static,AP6,,20250121,20250121/gps_cellset_thput_0.1/gct_trace_a-uldl-lwsn-home-1.csv,1737489655.8,1737490800.2,40.4289,40.42118,-86.8984,-86.91667,driving
a-uldl-home-lwsn-2,old,static,AP4,,20250124,20250124/gps_cellset_thput_0.1/gct_trace_a-uldl-home-lwsn-2.csv,1737727611.9,1737728686.7,40.42907,40.42123,-86.902,-86.9175215,driving
a-uldl-r4-1,old,static,AP4,,20250124,20250124/gps_cellset_thput_0.1/gct_trace_a-uldl-r4-1.csv,1737738783.4,1737739788.1,40.43137,40.424,-86.90796,-86.918581,driving
a-uldl-r4-3,old,static,AP4,,20250124,20250124/gps_cellset_thput_0.1/gct_trace_a-uldl-r4-3.csv,1737740420.4,1737740768.5,40.4314,40.424,-86.91033,-86.91677,driving
a-uldl-r5-1,old,driving,,,20250124,20250124/gps_cellset_thput_0.1/gct_trace_a-uldl-r5-1.csv,1737740889.4,1737742358.1,40.4545322,40.43081,-86.90573,-86.9214,driving
a-uldl-loc11-1,old,static,,,20250130,20250130/gps_cellset_thput_0.1/gct_trace_a-uldl-loc11-1.csv,1738301457.2,1738301643.4,40.42429,40.42426,-86.91627,-86.91642,static
a-uldl-loc11-2,old,static,,,20250130,20250130/gps_cellset_thput_0.1/gct_trace_a-uldl-loc11-2.csv,1738301873.0,1738302144.4,40.42429,40.42422,-86.91622,-86.91632,static
a-uldl-lwsn-1,old,driving,,,20250131,20250131/gps_cellset_thput_0.1/gct_trace_a-uldl-lwsn-1.csv,1738343498.1,1738343914.9,40.44596,40.4290833,-86.9141,-86.92139,driving
a-dl-loc14-1,old,static,,,20250131,20250131/gps_cellset_thput_0.1/gct_trace_a-dl-loc14-1.csv,1738344047.9,1738344496.5,40.44568,40.4456011,-86.91528,-86.91557,static
a-uldl-loc14-1,old,static,,,20250131,20250131/gps_cellset_thput_0.1/gct_trace_a-uldl-loc14-1.csv,1738344597.3,1738344963.6,40.44568,40.44565,-86.91553,-86.91558,static
a-uldl-loc7-c13-1,old,static,,,20250203,20250203/gps_cellset_thput_0.1/gct_trace_a-uldl-loc7-c13-1.csv,1738643068.6,1738643435.5,40.43164,40.43147,-86.91457,-86.91496,static
a-uldl-loc7-c12-1,old,driving,,,20250203,20250203/gps_cellset_thput_0.1/gct_trace_a-uldl-loc7-c12-1.csv,1738644425.0,1738644804.1,40.43164,40.43148,-86.91459,-86.91591,driving
a-uldl-scan-1,old,static,AP2,,20250203,20250203/gps_cellset_thput_0.1/gct_trace_a-uldl-scan-1.csv,1738645345.0,1738646402.1,40.43157,40.42418,-86.9116489,-86.91666,driving
a-uldl-scan-2,old,static,AP6,,20250203,20250203/gps_cellset_thput_0.1/gct_trace_a-uldl-scan-2.csv,1738646449.4,1738647943.8,40.42445,40.42103,-86.89844,-86.9116489,driving
a-uldl-scan-3,old,static,AP6,,20250204,20250204/gps_cellset_thput_0.1/gct_trace_a-uldl-scan-3.csv,1738684567.5,1738686207.0,40.42741,40.42105,-86.8991456,-86.91482,driving
a-uldl-scan-4,old,driving,,,20250204,20250204/gps_cellset_thput_0.1/gct_trace_a-uldl-scan-4.csv,1738703647.9,1738704591.6,40.46895,40.42521,-86.91413,-86.92461,driving
a-coverage-dl-1,new,static,AP6,,20250325-a,20250325-a/gps_cellset_thput_0.1/gct_trace_a-coverage-dl-1.csv,1742910331.1,1742911959.7,40.42412,40.42024,-86.89993,-86.91178000000002,driving
a-coverage-dl-2,new,driving,,,20250325-a,20250325-a/gps_cellset_thput_0.1/gct_trace_a-coverage-dl-2.csv,1742913192.7,1742913880.2,40.42429,40.42069,-86.91035,-86.92573,driving
a-coverage-dl-3,new,static,AP7,,20250325-a,20250325-a/gps_cellset_thput_0.1/gct_trace_a-coverage-dl-3.csv,1742913913.4,1742915115.2,40.42348,40.42084000000001,-86.92182,-86.92746,driving
a-coverage-dl-4,new,static,AP4,,20250325-a,20250325-a/gps_cellset_thput_0.1/gct_trace_a-coverage-dl-4.csv,1742915725.7,1742916315.1,40.42735220000001,40.42415,-86.9158178,-86.9255689,driving
a-coverage-dl-5,new,static,AP2,,20250325-a,20250325-a/gps_cellset_thput_0.1/gct_trace_a-coverage-dl-5.csv,1742916367.4,1742917333.2,40.4307,40.42782,-86.91305,-86.91563559999999,driving
a-coverage-dl-6,new,static,AP6,,20250325-a,20250325-a/gps_cellset_thput_0.1/gct_trace_a-coverage-dl-6.csv,1742918259.1,1742919154.7,40.42821,40.42454,-86.91174000000002,-86.91399,driving
a-coverage-dl-7,new,static,AP4,,20250325-a,20250325-a/gps_cellset_thput_0.1/gct_trace_a-coverage-dl-7.csv,1742919300.6,1742919589.7,40.42725,40.4254667,-86.9141,-86.9169556,driving
a-coverage-dl-9,new,driving,,,20250325-a,20250325-a/gps_cellset_thput_0.1/gct_trace_a-coverage-dl-9.csv,1742951606.5,1742952681.3,40.42533,40.41816,-86.90443,-86.93065,driving
a-coverage-dl-10,new,driving,,,20250325-a,20250325-a/gps_cellset_thput_0.1/gct_trace_a-coverage-dl-10.csv,1742952999.9,1742953682.8,40.42425,40.41849000000001,-86.91024,-86.93065,driving
a-coverage-dl-11,new,driving,,,20250325-a,20250325-a/gps_cellset_thput_0.1/gct_trace_a-coverage-dl-11.csv,1742953794.7,1742954444.5,40.42405,40.41846,-86.90458000000002,-86.93055,driving
a-coverage-dl-2,new,driving,,,20250327-a1,20250327-a1/gps_cellset_thput_0.1/gct_trace_a-coverage-dl-2.csv,1743090276.5,1743090690.8,40.42766,40.42222,-86.9024,-86.91035,driving
a-coverage-dl-3,new,driving,,,20250327-a1,20250327-a1/gps_cellset_thput_0.1/gct_trace_a-coverage-dl-3.csv,1743090738.7,1743091467.6,40.43141,40.42223,-86.9045111,-86.91911,driving
a-coverage-dl-4,new,static,AP5,,20250327-a1,20250327-a1/gps_cellset_thput_0.1/gct_trace_a-coverage-dl-4.csv,1743091502.1,1743092202.4,40.43146,40.42412,-86.91663,-86.9224,driving
a-coverage-dl-6,new,static,AP5,,20250327-a1,20250327-a1/gps_cellset_thput_0.1/gct_trace_a-coverage-dl-6.csv,1743092251.8,1743096118.5,40.43158,40.41849000000001,-86.91025,-86.93224000000002,driving
a-explore-dl-1,new,static,AP8,,20250331-a,20250331-a/gps_cellset_thput_0.1/gct_trace_a-explore-dl-1.csv,1743445941.2,1743446504.1,40.43299,40.42019000000001,-86.91032,-86.92225,driving
a-explore-dl-2,new,driving,,,20250331-a,20250331-a/gps_cellset_thput_0.1/gct_trace_a-explore-dl-2.csv,1743446538.7,1743446942.7,40.45364,40.43627,-86.91038,-86.9246,driving
a-explore-dl-3,new,static,AP4,,20250331-a,20250331-a/gps_cellset_thput_0.1/gct_trace_a-explore-dl-3.csv,1743447891.4,1743448164.9,40.43138,40.42703,-86.91436999999998,-86.91727,driving
a-explore-dl-4,new,static,AP4,,20250331-a,20250331-a/gps_cellset_thput_0.1/gct_trace_a-explore-dl-4.csv,1743448464.8,1743448886.9,40.42735,40.42691,-86.91545,-86.91643,static
a-explore-dl-5,new,static,AP4,,20250331-a,20250331-a/gps_cellset_thput_0.1/gct_trace_a-explore-dl-5.csv,1743449278.6,1743449985.7,40.4274,40.42718,-86.91572,-86.91654,static
a-explore-dl-6,new,static,AP7,,20250331-a,20250331-a/gps_cellset_thput_0.1/gct_trace_a-explore-dl-6.csv,1743450852.1,1743451573.0,40.42172,40.42093,-86.92558000000002,-86.92568,static
a-explore-dl-7,new,static,AP5,,20250331-a,20250331-a/gps_cellset_thput_0.1/gct_trace_a-explore-dl-7.csv,1743451619.2,1743451842.3,40.42706,40.42413,-86.91660999999998,-86.9256733,driving
a-explore-dl-8,new,driving,,,20250331-a,20250331-a/gps_cellset_thput_0.1/gct_trace_a-explore-dl-8.csv,1743452427.4,1743452698.7,40.4264956,40.42067,-86.91596,-86.91793,driving
a-explore-dl-9,new,static,AP8,,20250331-a,20250331-a/gps_cellset_thput_0.1/gct_trace_a-explore-dl-9.csv,1743453213.6,1743453703.7,40.42062,40.42029,-86.91568000000002,-86.91913000000002,driving
a-explore-dl-10,new,static,AP8,,20250331-a,20250331-a/gps_cellset_thput_0.1/gct_trace_a-explore-dl-10.csv,1743453843.5,1743454337.5,40.42074,40.42051,-86.91609,-86.91901999999997,driving
a-ap1-dl-1,new,static,AP4,,20250401-a,20250401-a/gps_cellset_thput_0.1/gct_trace_a-ap1-dl-1.csv,1743532172.3,1743532471.2,40.42729,40.42714,-86.91579,-86.91624,static
a-ap1-dl-2,new,static,AP4,,20250401-a,20250401-a/gps_cellset_thput_0.1/gct_trace_a-ap1-dl-2.csv,1743532516.7,1743532809.3,40.42729,40.42714,-86.9158,-86.91619,static
a-ap1-dl-3,new,static,AP4,,20250401-a,20250401-a/gps_cellset_thput_0.1/gct_trace_a-ap1-dl-3.csv,1743532833.6,1743533146.1,40.42728,40.42715,-86.91583,-86.9165878,static
a-ap4-dl-1,new,static,AP5,,20250401-a,20250401-a/gps_cellset_thput_0.1/gct_trace_a-ap4-dl-1.csv,1743533652.7,1743533924.0,40.42445,40.42412,-86.91927,-86.91996,static
a-ap4-dl-2,new,static,AP5,,20250401-a,20250401-a/gps_cellset_thput_0.1/gct_trace_a-ap4-dl-2.csv,1743533966.6,1743534234.6,40.42431,40.42428,-86.91944000000002,-86.91974,static
a-ap4-dl-3,new,static,AP5,,20250401-a,20250401-a/gps_cellset_thput_0.1/gct_trace_a-ap4-dl-3.csv,1743534266.1,1743534650.4,40.42438,40.42422,-86.91951,-86.92011,static
a-ap4-dl-4,new,static,AP5,,20250401-a,20250401-a/gps_cellset_thput_0.1/gct_trace_a-ap4-dl-4.csv,1743534631.8,1743534967.9,40.42431,40.42425,-86.919612,-86.92,static
a-ap4-dl-5,new,static,AP5,,20250401-a,20250401-a/gps_cellset_thput_0.1/gct_trace_a-ap4-dl-5.csv,1743535008.7,1743535302.3,40.42442,40.42417,-86.91956,-86.92008,static
a-dr-dl-2,new,static,AP5,,20250401-a,20250401-a/gps_cellset_thput_0.1/gct_trace_a-dr-dl-2.csv,1743535948.5,1743536294.6,40.4266778,40.42066,-86.91790999999998,-86.9258,driving
a-ap5-dl-1,new,static,AP7,,20250401-a,20250401-a/gps_cellset_thput_0.1/gct_trace_a-ap5-dl-1.csv,1743536343.5,1743536685.7,40.42133,40.42107,-86.92557,-86.9258,static
a-ap5-dl-2,new,static,AP7,,20250401-a,20250401-a/gps_cellset_thput_0.1/gct_trace_a-ap5-dl-2.csv,1743536711.0,1743536989.0,40.42135,40.42104000000001,-86.92559,-86.92565,static
a-ap5-dl-3,new,static,AP7,,20250401-a,20250401-a/gps_cellset_thput_0.1/gct_trace_a-ap5-dl-3.csv,1743537029.6,1743537315.0,40.42136,40.42121,-86.9255789,-86.92564,static
a-ap5-dl-4,new,static,AP7,,20250401-a,20250401-a/gps_cellset_thput_0.1/gct_trace_a-ap5-dl-4.csv,1743537348.9,1743537635.0,40.42148,40.42119,-86.9256,-86.92565,static
a-ap5-dl-5,new,static,AP7,,20250401-a,20250401-a/gps_cellset_thput_0.1/gct_trace_a-ap5-dl-5.csv,1743537688.7,1743537944.3,40.42145,40.42123,-86.92559,-86.92579,static
a-dr-dl-3,new,static,AP8,,20250401-a,20250401-a/gps_cellset_thput_0.1/gct_trace_a-dr-dl-3.csv,1743538036.9,1743538336.6,40.42139,40.42018,-86.91598,-86.92579,driving
a-ap3-dl-1,new,static,AP8,,20250401-a,20250401-a/gps_cellset_thput_0.1/gct_trace_a-ap3-dl-1.csv,1743538817.5,1743539160.3,40.4206,40.42021,-86.91582,-86.91668,static
a-ap3-dl-2,new,static,AP8,,20250401-a,20250401-a/gps_cellset_thput_0.1/gct_trace_a-ap3-dl-2.csv,1743539192.3,1743539522.7,40.42057,40.42028,-86.91586,-86.91703000000003,driving
a-ap3-dl-3,new,static,AP8,,20250401-a,20250401-a/gps_cellset_thput_0.1/gct_trace_a-ap3-dl-3.csv,1743539548.2,1743539861.4,40.42074,40.42031,-86.91619,-86.91696999999998,static
a-ap3-dl-4,new,static,AP8,,20250401-a,20250401-a/gps_cellset_thput_0.1/gct_trace_a-ap3-dl-4.csv,1743539937.7,1743540235.7,40.42063220000001,40.42058,-86.91664,-86.91691999999998,static
a-ap3-dl-5,new,static,AP8,,20250401-a,20250401-a/gps_cellset_thput_0.1/gct_trace_a-ap3-dl-5.csv,1743540306.3,1743540632.3,40.42063,40.4206,-86.91689000000002,-86.91694,static
a-ap2-dl-1,new,static,AP6,,20250401-a,20250401-a/gps_cellset_thput_0.1/gct_trace_a-ap2-dl-1.csv,1743541389.9,1743541641.1,40.42417,40.4239,-86.9115067,-86.91235999999998,static
a-ap2-dl-2,new,static,AP6,,20250401-a,20250401-a/gps_cellset_thput_0.1/gct_trace_a-ap2-dl-2.csv,1743541664.6,1743541944.9,40.42394,40.42389,-86.91133,-86.91174000000002,static
a-ap2-dl-3,new,static,AP6,,20250401-a,20250401-a/gps_cellset_thput_0.1/gct_trace_a-ap2-dl-3.csv,1743542079.4,1743542393.5,40.42397,40.42391,-86.91141,-86.91173,static
a-ap2-dl-4,new,static,AP6,,20250401-a,20250401-a/gps_cellset_thput_0.1/gct_trace_a-ap2-dl-4.csv,1743542438.1,1743542659.1,40.42394,40.42391,-86.91145,-86.91163890000001,static
a-ap2-dl-5,new,static,AP6,,20250401-a,20250401-a/gps_cellset_thput_0.1/gct_trace_a-ap2-dl-5.csv,1743542689.0,1743542986.8,40.42397,40.42332,-86.91152,-86.91248440000003,static
a-ap6-dl-1,new,driving,,,20250401-a,20250401-a/gps_cellset_thput_0.1/gct_trace_a-ap6-dl-1.csv,1743548420.9,1743548777.3,40.42837,40.42622,-86.91855,-86.91935,driving
a-ap6-dl-2,new,static,,,20250401-a,20250401-a/gps_cellset_thput_0.1/gct_trace_a-ap6-dl-2.csv,1743548811.4,1743549067.5,40.42683,40.4263,-86.91901,-86.91934,static
a-ap6-dl-3,new,static,,,20250401-a,20250401-a/gps_cellset_thput_0.1/gct_trace_a-ap6-dl-3.csv,1743549097.4,1743549368.8,40.42675,40.42636,-86.91924,-86.91938,static
a-ap6-dl-4,new,static,,,20250401-a,20250401-a/gps_cellset_thput_0.1/gct_trace_a-ap6-dl-4.csv,1743549402.5,1743549668.6,40.42669,40.42642,-86.91928,-86.91935,static
a-ap6-dl-5,new,static,,,20250401-a,20250401-a/gps_cellset_thput_0.1/gct_trace_a-ap6-dl-5.csv,1743549693.3,1743550039.4,40.4267378,40.42631,-86.91908000000002,-86.91939,static
a-ap6-dl-6,new,static,,,20250401-a,20250401-a/gps_cellset_thput_0.1/gct_trace_a-ap6-dl-6.csv,1743550078.8,1743550379.9,40.42685,40.4263,-86.91901999999997,-86.91939,static
a-dr-dl-4,new,driving,,,20250401-a,20250401-a/gps_cellset_thput_0.1/gct_trace_a-dr-dl-4.csv,1743550434.3,1743550866.6,40.43148,40.42658,-86.91906999999998,-86.92233,driving
a-dr-dl-1,new,driving,,,20250403-a,20250403-a/gps_cellset_thput_0.1/gct_trace_a-dr-dl-1.csv,1743703326.7,1743703931.0,40.43145,40.42033,-86.91025,-86.91391999999998,driving
a-ap8-dl-1,new,static,,,20250403-a,20250403-a/gps_cellset_thput_0.1/gct_trace_a-ap8-dl-1.csv,1743704481.2,1743704774.4,40.42065,40.42015,-86.91176999999998,-86.91224,static
a-ap8-dl-2,new,static,,,20250403-a,20250403-a/gps_cellset_thput_0.1/gct_trace_a-ap8-dl-2.csv,1743704795.7,1743705072.4,40.4203,40.42017,-86.9117,-86.91209,static
a-ap8-dl-3,new,static,,,20250403-a,20250403-a/gps_cellset_thput_0.1/gct_trace_a-ap8-dl-3.csv,1743705092.6,1743705364.0,40.42033,40.42022,-86.91159,-86.91209,static
a-ap8-dl-4,new,static,,,20250403-a,20250403-a/gps_cellset_thput_0.1/gct_trace_a-ap8-dl-4.csv,1743705386.5,1743705664.6,40.42028,40.42024,-86.91134,-86.91178000000002,static
a-ap8-dl-5,new,static,,,20250403-a,20250403-a/gps_cellset_thput_0.1/gct_trace_a-ap8-dl-5.csv,1743705700.3,1743706011.1,40.42027,40.4202011,-86.91148000000003,-86.91187,static
a-ap10-dl-1,new,static,,,20250403-a,20250403-a/gps_cellset_thput_0.1/gct_trace_a-ap10-dl-1.csv,1743706827.2,1743707141.9,40.42391,40.42322,-86.93038,-86.93070999999998,static
a-ap10-dl-2,new,static,,,20250403-a,20250403-a/gps_cellset_thput_0.1/gct_trace_a-ap10-dl-2.csv,1743707166.3,1743707494.5,40.424,40.42353,-86.93039,-86.93046,static
a-ap10-dl-3,new,static,,,20250403-a,20250403-a/gps_cellset_thput_0.1/gct_trace_a-ap10-dl-3.csv,1743707518.5,1743707837.3,40.4240089,40.42355,-86.93038,-86.9304467,static
a-ap10-dl-4,new,static,,,20250403-a,20250403-a/gps_cellset_thput_0.1/gct_trace_a-ap10-dl-4.csv,1743707861.5,1743708235.2,40.42394,40.42347,-86.93036,-86.93048,static
a-ap10-dl-5,new,static,,,20250403-a,20250403-a/gps_cellset_thput_0.1/gct_trace_a-ap10-dl-5.csv,1743708256.3,1743708585.1,40.424,40.4232,-86.93039,-86.93053,static
a-dr-dl-2,new,static,AP1,,20250403-a,20250403-a/gps_cellset_thput_0.1/gct_trace_a-dr-dl-2.csv,1743708657.1,1743709137.3,40.43154000000001,40.42324,-86.92353,-86.93176,driving
a-ap7-dl-1,new,static,AP1,,20250403-a,20250403-a/gps_cellset_thput_0.1/gct_trace_a-ap7-dl-1.csv,1743709172.6,1743709530.1,40.42971,40.42966,-86.92434,-86.92471,static
a-ap7-dl-2,new,static,AP1,,20250403-a,20250403-a/gps_cellset_thput_0.1/gct_trace_a-ap7-dl-2.csv,1743709557.9,1743709845.6,40.42971,40.42964,-86.92436,-86.92468000000002,static
a-ap7-dl-3,new,static,AP1,,20250403-a,20250403-a/gps_cellset_thput_0.1/gct_trace_a-ap7-dl-3.csv,1743709867.0,1743710230.3,40.42974,40.42964,-86.92436,-86.9248,static
a-ap7-dl-4,new,static,AP1,,20250403-a,20250403-a/gps_cellset_thput_0.1/gct_trace_a-ap7-dl-4.csv,1743710267.3,1743710587.3,40.42968,40.42965,-86.92435,-86.92474,static
a-ap7-dl-5,new,static,AP1,,20250403-a,20250403-a/gps_cellset_thput_0.1/gct_trace_a-ap7-dl-5.csv,1743710611.1,1743710876.3,40.4299,40.42964,-86.92437,-86.92477,static
a-dr-dl-3,new,static,AP4,,20250403-a,20250403-a/gps_cellset_thput_0.1/gct_trace_a-dr-dl-3.csv,1743711212.6,1743711479.5,40.43143,40.42706,-86.91667,-86.9186333,driving
a-ap9-dl-1,new,static,AP2,,20250403-a,20250403-a/gps_cellset_thput_0.1/gct_trace_a-ap9-dl-1.csv,1743722678.8,1743722938.1,40.43037,40.4299589,-86.91405999999998,-86.91436,static
a-ap9-dl-2,new,static,AP2,,20250403-a,20250403-a/gps_cellset_thput_0.1/gct_trace_a-ap9-dl-2.csv,1743722970.8,1743723330.3,40.43038,40.43002,-86.91394,-86.91431999999998,static
a-ap9-dl-3,new,static,AP2,,20250403-a,20250403-a/gps_cellset_thput_0.1/gct_trace_a-ap9-dl-3.csv,1743723354.5,1743723757.0,40.43034,40.42996,-86.9139889,-86.91436,static
a-ap9-dl-4,new,static,AP2,,20250403-a,20250403-a/gps_cellset_thput_0.1/gct_trace_a-ap9-dl-4.csv,1743723785.1,1743724042.5,40.43031,40.43001,-86.91403000000003,-86.91433,static
a-ap9-dl-5,new,static,AP2,,20250403-a,20250403-a/gps_cellset_thput_0.1/gct_trace_a-ap9-dl-5.csv,1743724070.1,1743724348.5,40.43026,40.43004000000001,-86.91405999999998,-86.91431999999998,static
a-r3-dl-1,new,driving,,,20250407-a,20250407-a/gps_cellset_thput_0.1/gct_trace_a-r3-dl-1.csv,1744071271.5,1744071557.0,40.46092,40.4445589,-86.89934000000002,-86.91294,driving
a-r3-dl-2,new,static,AP9,,20250407-a,20250407-a/gps_cellset_thput_0.1/gct_trace_a-r3-dl-2.csv,1744072049.3,1744073817.5,40.46076,40.45285,-86.90227,-86.92482,driving
a-r3-dl-3,new,driving,,,20250407-a,20250407-a/gps_cellset_thput_0.1/gct_trace_a-r3-dl-3.csv,1744073956.2,1744075250.4,40.45637,40.44534,-86.90346,-86.92509,driving
a-r3-dl-4,new,driving,,,20250407-a,20250407-a/gps_cellset_thput_0.1/gct_trace_a-r3-dl-4.csv,1744076420.7,1744077360.4,40.46179,40.4457,-86.91423,-86.94198890000001,driving
a-explore-dl-1,new,static,,,20250417-a,20250417-a/gps_cellset_thput_0.1/gct_trace_a-explore-dl-1.csv,1744666668.1,1744666869.1,40.42318,40.42315,-86.92698,-86.92705,static
a-dr-dl-1,new,driving,,,20250417-a,20250417-a/gps_cellset_thput_0.1/gct_trace_a-dr-dl-1.csv,1744911293.9,1744911744.9,40.4365126,40.424,-86.89076999999997,-86.9237768,driving
a-vp16-dl-1,new,static,,,20250417-a,20250417-a/gps_cellset_thput_0.1/gct_trace_a-vp16-dl-1.csv,1744912341.2,1744912588.3,40.42511,40.42451,-86.8905111,-86.89106,static
a-dr-dl-2,new,driving,,,20250417-a,20250417-a/gps_cellset_thput_0.1/gct_trace_a-dr-dl-2.csv,1744912752.7,1744913216.2,40.42564,40.42423,-86.8655,-86.89102,driving
a-dr-dl-6,new,driving,,,20250417-a,20250417-a/gps_cellset_thput_0.1/gct_trace_a-dr-dl-6.csv,1744913874.2,1744914726.4,40.42562,40.41702,-86.85821999999997,-86.87739,driving
a-dr-dl-3,new,driving,,,20250417-a,20250417-a/gps_cellset_thput_0.1/gct_trace_a-dr-dl-3.csv,1744917028.6,1744917409.3,40.41934000000001,40.41719000000001,-86.8721233,-86.89546999999997,driving
a-dr-dl-4,new,driving,,,20250417-a,20250417-a/gps_cellset_thput_0.1/gct_trace_a-dr-dl-4.csv,1744921430.5,1744923628.0,40.43213,40.417311100000006,-86.86052,-86.8955378,driving
a-ptmp1-dl-1,new,static,,,20250417-a,20250417-a/gps_cellset_thput_0.1/gct_trace_a-ptmp1-dl-1.csv,1744923784.9,1744923843.9,40.41735,40.41731,-86.86978,-86.86981,static
a-dr-dl-5,new,static,AP15,,20250417-a,20250417-a/gps_cellset_thput_0.1/gct_trace_a-dr-dl-5.csv,1744924266.5,1744925140.8,40.41797,40.41005,-86.8605,-86.87725,driving
a-dr-dl-7,new,static,,,20250417-a,20250417-a/gps_cellset_thput_0.1/gct_trace_a-dr-dl-7.csv,1744925452.9,1744925536.8,40.41723,40.41708,-86.87200000000001,-86.8722,static
a-dr-dl-3,new,static,AP18,,20250418-a,20250418-a/gps_cellset_thput_0.1/gct_trace_a-dr-dl-3.csv,1744990672.3,1744991172.8,40.41743,40.4122,-86.86809000000002,-86.8721567,driving
a-dr-dl-4,new,driving,,,20250418-a,20250418-a/gps_cellset_thput_0.1/gct_trace_a-dr-dl-4.csv,1744991918.9,1744992173.5,40.41772,40.4142183,-86.86873,-86.87031,driving
a-ptmp1-dl-1,new,static,AP14,,20250418-a,20250418-a/gps_cellset_thput_0.1/gct_trace_a-ptmp1-dl-1.csv,1745014642.8,1745014837.0,40.41754,40.41751,-86.87859,-86.87864,static
a-ptmp1-dl-2,new,static,AP14,,20250418-a,20250418-a/gps_cellset_thput_0.1/gct_trace_a-ptmp1-dl-2.csv,1745014893.9,1745015110.9,40.41752,40.41751,-86.87862,-86.87864,static
a-ptmp1-dl-3,new,static,AP14,,20250418-a,20250418-a/gps_cellset_thput_0.1/gct_trace_a-ptmp1-dl-3.csv,1745015150.5,1745015378.1,40.41755,40.41752,-86.8786,-86.87864,static
a-ptmp1-dl-4,new,static,AP14,,20250418-a,20250418-a/gps_cellset_thput_0.1/gct_trace_a-ptmp1-dl-4.csv,1745015400.3,1745015627.0,40.41753,40.41751,-86.8785911,-86.87864,static
a-ptmp1-dl-5,new,static,AP14,,20250418-a,20250418-a/gps_cellset_thput_0.1/gct_trace_a-ptmp1-dl-5.csv,1745015646.4,1745015883.1,40.41753,40.4175,-86.8786,-86.87865,static
a-dr-dl-11,new,static,AP17,,20250418-a,20250418-a/gps_cellset_thput_0.1/gct_trace_a-dr-dl-11.csv,1745016007.0,1745016657.0,40.41923,40.41753,-86.87353,-86.87905,driving
a-dr-dl-12,new,static,AP16,,20250418-a,20250418-a/gps_cellset_thput_0.1/gct_trace_a-dr-dl-12.csv,1745016824.4,1745017935.7,40.42529,40.41739000000001,-86.86059,-86.87593000000003,driving
a-ptmp2-dl-1,new,static,AP16,,20250418-a,20250418-a/gps_cellset_thput_0.1/gct_trace_a-ptmp2-dl-1.csv,1745017988.3,1745018182.5,40.41783,40.41782,-86.8759,-86.87592,static
a-ptmp2-dl-2,new,static,AP16,,20250418-a,20250418-a/gps_cellset_thput_0.1/gct_trace_a-ptmp2-dl-2.csv,1745018211.4,1745018437.8,40.41783,40.41781,-86.8758844,-86.87593000000003,static
a-ptmp2-dl-3,new,static,AP16,,20250418-a,20250418-a/gps_cellset_thput_0.1/gct_trace_a-ptmp2-dl-3.csv,1745018460.2,1745018493.4,40.4178278,40.41781,-86.87591,-86.87592,static
a-ptmp2-dl-4,new,static,AP16,,20250418-a,20250418-a/gps_cellset_thput_0.1/gct_trace_a-ptmp2-dl-4.csv,1745018686.2,1745018883.6,40.41784000000001,40.41781,-86.87588000000002,-86.87592,static
a-ptmp2-dl-5,new,static,AP16,,20250418-a,20250418-a/gps_cellset_thput_0.1/gct_trace_a-ptmp2-dl-5.csv,1745018909.6,1745019113.6,40.41784000000001,40.4178,-86.87589,-86.8759333,static
a-dr-dl-13,new,driving,,,20250418-a,20250418-a/gps_cellset_thput_0.1/gct_trace_a-dr-dl-13.csv,1745019279.7,1745019508.4,40.42008,40.41935,-86.88667,-86.89555,driving
a-dr-dl-1,new,driving,,,20250419-a,20250419-a/gps_cellset_thput_0.1/gct_trace_a-dr-dl-1.csv,1745089395.7,1745090221.0,40.46181,40.42694,-86.90589,-86.94275,driving
a-dr-dl-2,new,static,AP17,,20250419-a,20250419-a/gps_cellset_thput_0.1/gct_trace_a-dr-dl-2.csv,1745090471.9,1745091209.1,40.42746,40.41735,-86.87423000000003,-86.91792,driving
a-ptmp3-dl-2,new,static,AP17,,20250419-a,20250419-a/gps_cellset_thput_0.1/gct_trace_a-ptmp3-dl-2.csv,1745091432.9,1745092122.2,40.41899,40.4173711,-86.87346,-86.87482,driving
a-ptmp3-dl-3,new,static,AP17,,20250419-a,20250419-a/gps_cellset_thput_0.1/gct_trace_a-ptmp3-dl-3.csv,1745092158.8,1745092357.7,40.41862,40.41858,-86.87473,-86.87477,static
a-ptmp3-dl-1,new,static,AP17,,20250419-a,20250419-a/gps_cellset_thput_0.1/gct_trace_a-ptmp3-dl-1.csv,1745092379.5,1745092719.9,40.41863,40.41861,-86.87474,-86.87477,static
a-ptmp3-dl-4,new,static,AP17,,20250419-a,20250419-a/gps_cellset_thput_0.1/gct_trace_a-ptmp3-dl-4.csv,1745092750.0,1745092978.6,40.41861,40.41859,-86.87476,-86.87477,static
a-ptmp3-dl-5,new,static,AP17,,20250419-a,20250419-a/gps_cellset_thput_0.1/gct_trace_a-ptmp3-dl-5.csv,1745093003.3,1745093238.4,40.41864,40.41859,-86.87474,-86.87477,static
a-dr-dl-4,new,driving,,,20250419-a,20250419-a/gps_cellset_thput_0.1/gct_trace_a-dr-dl-4.csv,1745093432.8,1745094405.6,40.42577,40.4188967,-86.86059,-86.8747522,driving
a-ptmp4-dl-1,new,static,,,20250419-a,20250419-a/gps_cellset_thput_0.1/gct_trace_a-ptmp4-dl-1.csv,1745094435.0,1745094639.5,40.4253,40.42527000000001,-86.86735999999998,-86.8674,static
a-ptmp4-dl-2,new,static,,,20250419-a,20250419-a/gps_cellset_thput_0.1/gct_trace_a-ptmp4-dl-2.csv,1745094661.7,1745094921.0,40.42531,40.42527000000001,-86.86737,-86.86739,static
a-ptmp4-dl-3,new,static,,,20250419-a,20250419-a/gps_cellset_thput_0.1/gct_trace_a-ptmp4-dl-3.csv,1745094941.7,1745095133.8,40.42529,40.42529,-86.86737,-86.86739,static
a-ptmp4-dl-4,new,static,,,20250419-a,20250419-a/gps_cellset_thput_0.1/gct_trace_a-ptmp4-dl-4.csv,1745095158.9,1745095406.1,40.42531,40.42528,-86.86738000000003,-86.8674,static
a-ptmp4-dl-5,new,static,,,20250419-a,20250419-a/gps_cellset_thput_0.1/gct_trace_a-ptmp4-dl-5.csv,1745095438.8,1745095677.8,40.4252922,40.42528,-86.86739,-86.8674,static
a-ptmp5-dl-1,new,driving,,,20250419-a,20250419-a/gps_cellset_thput_0.1/gct_trace_a-ptmp5-dl-1.csv,1745097688.6,1745098042.0,40.42356,40.42287,-86.8707,-86.8723778,driving
a-ptmp5-dl-2,new,static,,,20250419-a,20250419-a/gps_cellset_thput_0.1/gct_trace_a-ptmp5-dl-2.csv,1745098098.2,1745098276.7,40.42343,40.42339000000001,-86.8708,-86.87083,static
a-dr-dl-5,new,static,AP15,,20250419-a,20250419-a/gps_cellset_thput_0.1/gct_trace_a-dr-dl-5.csv,1745098321.5,1745098675.0,40.42562,40.41673,-86.87079,-86.87741,driving
a-ptmp6-dl-1,new,static,AP15,,20250419-a,20250419-a/gps_cellset_thput_0.1/gct_trace_a-ptmp6-dl-1.csv,1745098754.8,1745098946.3,40.41676,40.4167,-86.87738,-86.87742,static
a-ptmp6-dl-2,new,static,AP15,,20250419-a,20250419-a/gps_cellset_thput_0.1/gct_trace_a-ptmp6-dl-2.csv,1745098983.3,1745099181.7,40.41675,40.41669,-86.87735,-86.87738,static
a-ptmp6-dl-3,new,static,AP15,,20250419-a,20250419-a/gps_cellset_thput_0.1/gct_trace_a-ptmp6-dl-3.csv,1745099245.9,1745099419.4,40.41672,40.41669,-86.87736,-86.87744,static
a-ptmp6-dl-4,new,static,AP15,,20250419-a,20250419-a/gps_cellset_thput_0.1/gct_trace_a-ptmp6-dl-4.csv,1745099461.0,1745099654.8,40.41674,40.41672,-86.87735,-86.87742,static
a-ptmp6-dl-5,new,static,AP15,,20250419-a,20250419-a/gps_cellset_thput_0.1/gct_trace_a-ptmp6-dl-5.csv,1745099680.8,1745099875.6,40.41674,40.4167,-86.87737,-86.8774,static
a-dr-dl-6,new,driving,,,20250419-a,20250419-a/gps_cellset_thput_0.1/gct_trace_a-dr-dl-6.csv,1745106891.5,1745107863.4,40.4229911,40.41709779999999,-86.83895,-86.90025,driving
a-dr-dl-1,new,driving,,,20250421-a,20250421-a/gps_cellset_thput_0.1/gct_trace_a-dr-dl-1.csv,1745280216.5,1745280795.6,40.43216,40.41731,-86.86043000000002,-86.89093220000002,driving
a-dr-dl-2,new,driving,,,20250421-a,20250421-a/gps_cellset_thput_0.1/gct_trace_a-dr-dl-2.csv,1745280876.9,1745281726.0,40.43215,40.42469000000001,-86.86364,-86.8776,driving
a-dr-dl-3,new,driving,,,20250421-a,20250421-a/gps_cellset_thput_0.1/gct_trace_a-dr-dl-3.csv,1745281890.5,1745281984.5,40.42705,40.42595,-86.86440999999998,-86.86514,driving
a-dr-dl-4,new,driving,,,20250421-a,20250421-a/gps_cellset_thput_0.1/gct_trace_a-dr-dl-4.csv,1745282202.9,1745283091.3,40.43279,40.42593,-86.8604111,-86.87068000000002,driving
a-dr-dl-5,new,driving,,,20250421-a,20250421-a/gps_cellset_thput_0.1/gct_trace_a-dr-dl-5.csv,1745283285.0,1745284339.1,40.44148,40.43277,-86.85915,-86.8709,driving
a-dr-dl-6,new,driving,,,20250421-a,20250421-a/gps_cellset_thput_0.1/gct_trace_a-dr-dl-6.csv,1745284495.4,1745286030.9,40.4417,40.43206,-86.86564,-86.88346999999997,driving
a-ap21-dl-1,new,static,,,20250422-a,20250422-a/gps_cellset_thput_0.1/gct_trace_a-ap21-dl-1.csv,1745343945.2,1745344229.2,40.43967,40.43959,-86.87448,-86.87451999999998,static
a-ap21-dl-1,new,static,,,20250423-a,20250423-a/gps_cellset_thput_0.1/gct_trace_a-ap21-dl-1.csv,1745343945.2,1745344229.2,40.43967,40.43959,-86.87448,-86.87451999999998,static
a-ap21-dl-2,new,static,,,20250423-a,20250423-a/gps_cellset_thput_0.1/gct_trace_a-ap21-dl-2.csv,1745344256.7,1745344462.8,40.43968,40.4396,-86.87448,-86.87453000000002,static
a-ap21-dl-2,new,static,,,20250422-a,20250422-a/gps_cellset_thput_0.1/gct_trace_a-ap21-dl-2.csv,1745344256.7,1745344462.8,40.43968,40.4396,-86.87448,-86.87453000000002,static
a-dr-dl-2,new,driving,,,20250422-a,20250422-a/gps_cellset_thput_0.1/gct_trace_a-dr-dl-2.csv,1745344553.8,1745345004.8,40.44261,40.4396889,-86.87203000000002,-86.87456,driving
a-ptmp2-dl-1,new,static,,,20250422-a,20250422-a/gps_cellset_thput_0.1/gct_trace_a-ptmp2-dl-1.csv,1745345618.7,1745345952.2,40.44213,40.44178,-86.87394,-86.8746,static
a-ptmp2-dl-1,new,static,,,20250423-a,20250423-a/gps_cellset_thput_0.1/gct_trace_a-ptmp2-dl-1.csv,1745345618.7,1745345952.2,40.44213,40.44178,-86.87394,-86.8746,static
a-dr-dl-3,new,driving,,,20250422-a,20250422-a/gps_cellset_thput_0.1/gct_trace_a-dr-dl-3.csv,1745346130.8,1745346317.2,40.442,40.43868,-86.87085,-86.87465,driving
a-ap25-dl-1,new,static,,,20250422-a,20250422-a/gps_cellset_thput_0.1/gct_trace_a-ap25-dl-1.csv,1745346448.3,1745346610.2,40.4390889,40.43884,-86.87082,-86.87089,static
a-ap25-dl-1,new,static,,,20250423-a,20250423-a/gps_cellset_thput_0.1/gct_trace_a-ap25-dl-1.csv,1745346448.3,1745346610.2,40.4390889,40.43884,-86.87082,-86.87089,static
a-dr-dl-4,new,driving,,,20250422-a,20250422-a/gps_cellset_thput_0.1/gct_trace_a-dr-dl-4.csv,1745346661.7,1745347164.2,40.43982000000001,40.42674,-86.86899,-86.87753000000002,driving
a-dr-dl-5,new,driving,,,20250423-a,20250423-a/gps_cellset_thput_0.1/gct_trace_a-dr-dl-5.csv,1745347833.0,1745348224.9,40.43207,40.42653,-86.86372,-86.87762,driving
a-dr-dl-5,new,driving,,,20250422-a,20250422-a/gps_cellset_thput_0.1/gct_trace_a-dr-dl-5.csv,1745347833.0,1745348224.9,40.43207,40.42653,-86.86372,-86.87762,driving
a-dr-dl-6,new,driving,,,20250422-a,20250422-a/gps_cellset_thput_0.1/gct_trace_a-dr-dl-6.csv,1745348375.3,1745349320.2,40.46148,40.4307,-86.85808,-86.94162,driving
a-dr-dl-6,new,driving,,,20250423-a,20250423-a/gps_cellset_thput_0.1/gct_trace_a-dr-dl-6.csv,1745348375.3,1745349320.2,40.46148,40.4307,-86.85808,-86.94162,driving
a-dr-dl-1,new,static,AP13,,20250423-a,20250423-a/gps_cellset_thput_0.1/gct_trace_a-dr-dl-1.csv,1745430791.6,1745431371.5,40.45366,40.44572,-86.90715,-86.91436,driving
a-ap13-dl-1,new,static,AP13,,20250423-a,20250423-a/gps_cellset_thput_0.1/gct_trace_a-ap13-dl-1.csv,1745431417.3,1745431658.1,40.44576,40.44573,-86.91205,-86.91209,static
a-ap13-dl-2,new,static,AP13,,20250423-a,20250423-a/gps_cellset_thput_0.1/gct_trace_a-ap13-dl-2.csv,1745431689.4,1745431918.3,40.44574,40.44571,-86.91206,-86.91208,static
a-ap13-dl-4,new,static,AP13,,20250423-a,20250423-a/gps_cellset_thput_0.1/gct_trace_a-ap13-dl-4.csv,1745432252.3,1745432414.7,40.44574,40.44572,-86.91202,-86.91208,static
a-ap15-dl-1,new,static,AP10,,20250423-a,20250423-a/gps_cellset_thput_0.1/gct_trace_a-ap15-dl-1.csv,1745432998.4,1745433221.2,40.45461,40.45458,-86.91425,-86.91431,static
a-ap15-dl-2,new,static,AP10,,20250423-a,20250423-a/gps_cellset_thput_0.1/gct_trace_a-ap15-dl-2.csv,1745433246.0,1745433467.1,40.4546,40.45458,-86.91428,-86.91433,static
a-ap15-dl-3,new,static,AP10,,20250423-a,20250423-a/gps_cellset_thput_0.1/gct_trace_a-ap15-dl-3.csv,1745433501.2,1745433727.0,40.45458,40.45456,-86.91427,-86.91431,static
a-ap15-dl-4,new,static,AP10,,20250423-a,20250423-a/gps_cellset_thput_0.1/gct_trace_a-ap15-dl-4.csv,1745433808.4,1745434031.0,40.45459,40.45457,-86.91428,-86.91433,static
a-ap15-dl-5,new,static,AP10,,20250423-a,20250423-a/gps_cellset_thput_0.1/gct_trace_a-ap15-dl-5.csv,1745434083.6,1745434320.5,40.45459,40.45456,-86.91426,-86.9143,static
a-dr-dl-2,new,driving,,,20250423-a,20250423-a/gps_cellset_thput_0.1/gct_trace_a-dr-dl-2.csv,1745434865.3,1745436146.1,40.46045,40.45796,-86.90176,-86.91298,driving
a-dr-dl-2_1,new,static,AP9,,20250423-a,20250423-a/gps_cellset_thput_0.1/gct_trace_a-dr-dl-2_1.csv,1745436460.7,1745436942.3,40.45798,40.45726,-86.90226,-86.9054589,driving
a-ptmp3-dl-1,new,static,,,20250423-a,20250423-a/gps_cellset_thput_0.1/gct_trace_a-ptmp3-dl-1.csv,1745436975.8,1745437235.6,40.45797,40.45793,-86.90448,-86.90453000000002,static
a-ptmp3-dl-2,new,static,AP11,,20250423-a,20250423-a/gps_cellset_thput_0.1/gct_trace_a-ptmp3-dl-2.csv,1745437275.1,1745437553.5,40.45801,40.44981,-86.90106999999998,-86.9042456,driving
a-ptmp4-dl-1,new,static,AP11,,20250423-a,20250423-a/gps_cellset_thput_0.1/gct_trace_a-ptmp4-dl-1.csv,1745437585.5,1745437807.3,40.44985,40.44982,-86.90131,-86.90133,static
a-ptmp4-dl-2,new,static,AP11,,20250423-a,20250423-a/gps_cellset_thput_0.1/gct_trace_a-ptmp4-dl-2.csv,1745437844.7,1745438085.3,40.44987,40.44983,-86.90131,-86.90135,static
a-ptmp4-dl-3,new,static,AP11,,20250423-a,20250423-a/gps_cellset_thput_0.1/gct_trace_a-ptmp4-dl-3.csv,1745438129.7,1745438354.4,40.44984,40.44981,-86.90131,-86.90134,static
a-ptmp4-dl-4,new,static,AP11,,20250423-a,20250423-a/gps_cellset_thput_0.1/gct_trace_a-ptmp4-dl-4.csv,1745438375.5,1745438593.2,40.44983,40.44982,-86.90131,-86.90132,static
a-ptmp4-dl-5,new,static,AP11,,20250423-a,20250423-a/gps_cellset_thput_0.1/gct_trace_a-ptmp4-dl-5.csv,1745438622.2,1745438848.2,40.44982,40.44982,-86.90131,-86.90132,static
a-dr-dl-3,new,static,AP12,,20250423-a,20250423-a/gps_cellset_thput_0.1/gct_trace_a-dr-dl-3.csv,1745438890.7,1745439134.5,40.4496633,40.44858,-86.90126,-86.90191999999998,driving
a-ptmp5-dl-1,new,static,AP12,,20250423-a,20250423-a/gps_cellset_thput_0.1/gct_trace_a-ptmp5-dl-1.csv,1745439171.5,1745439399.1,40.44861,40.44857,-86.90126109999999,-86.90129,static
a-ptmp5-dl-2,new,static,AP12,,20250423-a,20250423-a/gps_cellset_thput_0.1/gct_trace_a-ptmp5-dl-2.csv,1745439424.0,1745439682.8,40.44861,40.44859,-86.90127,-86.90129,static
a-ptmp5-dl-3,new,static,AP12,,20250423-a,20250423-a/gps_cellset_thput_0.1/gct_trace_a-ptmp5-dl-3.csv,1745439704.6,1745439935.3,40.44863,40.4486,-86.90125,-86.90129,static
a-ptmp5-dl-4,new,static,AP12,,20250423-a,20250423-a/gps_cellset_thput_0.1/gct_trace_a-ptmp5-dl-4.csv,1745439955.5,1745440209.6,40.44861,40.4486,-86.90127,-86.90128,static
a-ptmp5-dl-5,new,static,AP12,,20250423-a,20250423-a/gps_cellset_thput_0.1/gct_trace_a-ptmp5-dl-5.csv,1745440275.0,1745440500.9,40.44862,40.44859,-86.90123,-86.90129,static
a-dr-dl-4,new,driving,,,20250423-a,20250423-a/gps_cellset_thput_0.1/gct_trace_a-dr-dl-4.csv,1745440597.4,1745441046.4,40.4452233,40.43635,-86.89925,-86.90087,driving
a-lp7-dl-1,new,static,AP19,,20250424-a,20250424-a/gps_cellset_thput_0.1/gct_trace_a-lp7-dl-1.csv,1745506048.1,1745506240.7,40.41459,40.41458,-86.87953,-86.87955,static
a-lp7-dl-2,new,static,AP19,,20250424-a,20250424-a/gps_cellset_thput_0.1/gct_trace_a-lp7-dl-2.csv,1745506280.7,1745506479.1,40.4146,40.4146,-86.87952,-86.87953,static
a-lp7-dl-3,new,static,AP19,,20250424-a,20250424-a/gps_cellset_thput_0.1/gct_trace_a-lp7-dl-3.csv,1745506502.2,1745506696.7,40.4146,40.41454,-86.87948,-86.87954,static
a-lp7-dl-4,new,static,AP19,,20250424-a,20250424-a/gps_cellset_thput_0.1/gct_trace_a-lp7-dl-4.csv,1745506719.6,1745506921.0,40.41458,40.41451,-86.87949,-86.87953,static
a-lp7-dl-5,new,static,AP19,,20250424-a,20250424-a/gps_cellset_thput_0.1/gct_trace_a-lp7-dl-5.csv,1745506947.2,1745507160.0,40.41458,40.41457,-86.87949,-86.87949,static
a-lp5-dl-1,new,static,AP18,,20250424-a,20250424-a/gps_cellset_thput_0.1/gct_trace_a-lp5-dl-1.csv,1745509567.7,1745509804.9,40.41459,40.41456,-86.86835,-86.86838,static
a-lp5-dl-2,new,static,AP18,,20250424-a,20250424-a/gps_cellset_thput_0.1/gct_trace_a-lp5-dl-2.csv,1745509855.7,1745510075.9,40.4146089,40.41458,-86.8684,-86.86842,static
a-lp5-dl-3,new,static,AP18,,20250424-a,20250424-a/gps_cellset_thput_0.1/gct_trace_a-lp5-dl-3.csv,1745510097.9,1745510296.6,40.4146,40.41459,-86.8684,-86.86841,static
a-lp5-dl-4,new,static,AP18,,20250424-a,20250424-a/gps_cellset_thput_0.1/gct_trace_a-lp5-dl-4.csv,1745510320.0,1745510516.3,40.4146,40.41458,-86.8684,-86.86843,static
a-lp5-dl-5,new,static,AP18,,20250424-a,20250424-a/gps_cellset_thput_0.1/gct_trace_a-lp5-dl-5.csv,1745510536.8,1745510792.2,40.4146,40.4146,-86.86842,-86.86842,static
a-dr-dl-1,new,static,AP3,,20250424-a,20250424-a/gps_cellset_thput_0.1/gct_trace_a-dr-dl-1.csv,1745520923.7,1745521449.5,40.43,40.42579,-86.90815,-86.91224,driving
a-vwp1-dl-1,new,static,AP3,,20250424-a,20250424-a/gps_cellset_thput_0.1/gct_trace_a-vwp1-dl-1.csv,1745521557.9,1745521804.2,40.43766,40.42964,-86.90934,-86.9127,static
a-vwp1-dl-1_1,new,static,AP3,,20250424-a,20250424-a/gps_cellset_thput_0.1/gct_trace_a-vwp1-dl-1_1.csv,1745521832.4,1745522025.8,40.43356,40.42962,-86.91059,-86.9127,static
a-vwp1-dl-2,new,static,AP3,,20250424-a,20250424-a/gps_cellset_thput_0.1/gct_trace_a-vwp1-dl-2.csv,1745522062.8,1745522333.1,40.43356,40.42954,-86.91059,-86.9127,static
a-vwp1-dl-3,new,static,AP3,,20250424-a,20250424-a/gps_cellset_thput_0.1/gct_trace_a-vwp1-dl-3.csv,1745522357.7,1745522576.1,40.43387,40.42962,-86.91028,-86.91304000000002,static
a-vwp1-dl-4,new,static,AP3,,20250424-a,20250424-a/gps_cellset_thput_0.1/gct_trace_a-vwp1-dl-4.csv,1745522597.7,1745522788.6,40.43387,40.42989,-86.91028,-86.9119,static
a-vptmp1-dl-1,new,static,,,20250424-a,20250424-a/gps_cellset_thput_0.1/gct_trace_a-vptmp1-dl-1.csv,1745523116.3,1745523363.3,40.42863,40.42858,-86.90985,-86.90989,static
a-vptmp1-dl-2,new,static,,,20250424-a,20250424-a/gps_cellset_thput_0.1/gct_trace_a-vptmp1-dl-2.csv,1745523554.0,1745523842.1,40.42864,40.42859,-86.90988,-86.90992,static
a-nsg,new,static,,,20250424-a,20250424-a/gps_cellset_thput_0.1/gct_trace_a-nsg.csv,1745523866.0,1745524198.2,40.42863,40.42856,-86.90984,-86.90989,static
a-dr-dl-2,new,driving,,,20250424-a,20250424-a/gps_cellset_thput_0.1/gct_trace_a-dr-dl-2.csv,1745526567.5,1745527524.3,40.43522,40.42664,-86.90559,-86.91379,driving
a-wp1-dl-1,new,static,AP9,,20250424-a,20250424-a/gps_cellset_thput_0.1/gct_trace_a-wp1-dl-1.csv,1745537999.2,1745538217.6,40.45642,40.45637,-86.90382,-86.90388,static
a-wp1-dl-2,new,static,AP9,,20250424-a,20250424-a/gps_cellset_thput_0.1/gct_trace_a-wp1-dl-2.csv,1745538271.2,1745538473.9,40.45641,40.45637,-86.9038011,-86.90386,static
a-wp1-dl-3,new,static,AP9,,20250424-a,20250424-a/gps_cellset_thput_0.1/gct_trace_a-wp1-dl-3.csv,1745538501.7,1745538695.0,40.4564,40.45637,-86.90384,-86.90388,static
a-wp1-dl-4,new,static,AP9,,20250424-a,20250424-a/gps_cellset_thput_0.1/gct_trace_a-wp1-dl-4.csv,1745538723.3,1745538927.4,40.45639,40.45635,-86.90383,-86.90387,static
a-wp1-dl-5,new,static,AP9,,20250424-a,20250424-a/gps_cellset_thput_0.1/gct_trace_a-wp1-dl-5.csv,1745538949.3,1745539167.2,40.4564,40.45637,-86.90381,-86.90386,static
a-dr-dl-1,new,driving,,,20250425-a,20250425-a/gps_cellset_thput_0.1/gct_trace_a-dr-dl-1.csv,1745595621.7,1745595807.2,40.42585,40.42393,-86.90619000000002,-86.91004000000002,driving
a-dr-dl-2,new,driving,,,20250425-a,20250425-a/gps_cellset_thput_0.1/gct_trace_a-dr-dl-2.csv,1745597898.7,1745598453.2,40.433,40.42391,-86.90305,-86.91164,driving
a-dr-dl-2_1,new,static,AP3,,20250425-a,20250425-a/gps_cellset_thput_0.1/gct_trace_a-dr-dl-2_1.csv,1745598508.5,1745600189.1,40.43832,40.42573,-86.90557,-86.91235999999998,driving
a-acp5-dl-1,new,static,,,20250425-a,20250425-a/gps_cellset_thput_0.1/gct_trace_a-acp5-dl-1.csv,1745600336.5,1745600571.9,40.43811,40.43808,-86.91004000000002,-86.91005,static
a-acp5-dl-2,new,static,,,20250425-a,20250425-a/gps_cellset_thput_0.1/gct_trace_a-acp5-dl-2.csv,1745600591.0,1745600871.1,40.4381,40.43808,-86.91001,-86.91006,static
a-apc5-dl-3,new,static,,,20250425-a,20250425-a/gps_cellset_thput_0.1/gct_trace_a-apc5-dl-3.csv,1745601488.5,1745601679.4,40.43817,40.43792,-86.90979,-86.91008000000002,static
a-dr-dl-5,new,driving,,,20250425-a,20250425-a/gps_cellset_thput_0.1/gct_trace_a-dr-dl-5.csv,1745601785.5,1745602003.9,40.4381289,40.43233,-86.91004000000002,-86.91116,driving
