column,rsrp,cause
1,-101.165,S1E1
1,-98.34,S1E1
1,-89.34,S1E1
1,-96.29,S1E1
1,-99.2,S1E1
1,-145.9,S1E1
1,-91.76,S1E1
1,-94.225,S1E1
1,-101.9,S1E1
1,-100.635,S1E1
1,-87.43,S1E1
1,-95.59,S1E1
1,-95.325,S1E1
1,-90.69,S1E1
1,-95.31,S1E1
1,-86.07,S1E1
1,-92.02,S1E1
1,-96.28,S1E1
1,-97.26,S1E1
2,-138.445,S1E2
2,-85.49,S1E2
2,-84.97,S1E2
2,-126.055,S1E2
2,-82.41,S1E2
2,-117.505,S1E2
2,-85.11500000000001,S1E2
2,-82.77,S1E2
2,-122.42,S1E2
2,-137.97,S1E2
2,-132.76,S1E2
2,-128.47,S1E2
2,-82.77,S1E2
2,-123.24,S1E2
2,-84.05,S1E2
2,-118.61,S1E2
2,-155.99,S1E2
2,-155.84,S1E2
2,-122.23,S1E2
2,-128.71,S1E2
2,-120.86,S1E2
2,-81.52,S1E2
2,-84.315,S1E2
2,-85.715,S1E2
2,-132.515,S1E2
2,-122.655,S1E2
2,-118.85,S1E2
2,-120.15,S1E2
2,-84.84,S1E2
2,-83.805,S1E2
2,-82.115,S1E2
2,-79.685,S1E2
2,-80.635,S1E2
2,-79.84,S1E2
2,-155.98,S1E2
2,-117.92,S1E2
2,-84.42,S1E2
2,-82.785,S1E2
2,-82.78999999999999,S1E2
2,-119.62,S1E2
2,-75.27,S1E2
2,-76.82499999999999,S1E2
3,-79.22,S1E3
3,-79.62,S1E3
3,-80.515,S1E3
3,-79.77,S1E3
3,-80.3,S1E3
3,-79.485,S1E3
3,-80.67,S1E3
3,-66.33,S1E3
3,-76.935,S1E3
3,-74.69999999999999,S1E3
3,-79.85,S1E3
3,-80.92,S1E3
3,-128.59,S1E3
3,-108.72,S1E3
3,-80.53,S1E3
3,-107.67,S1E3
3,-76.24,S1E3
3,-104.06,S1E3
3,-102.715,S1E3
3,-115.87,S1E3
3,-76.16,S1E3
3,-66.56,S1E3
3,-69.575,S1E3
3,-64.49,S1E3
3,-80.88,S1E3
3,-63.02,S1E3
3,-67.47,S1E3
3,-102.28,S1E3
3,-79.28,S1E3
3,-80.7,S1E3
3,-78.38,S1E3
3,-78.93,S1E3
3,-106.08,S1E3
3,-77.485,S1E3
3,-76.69,S1E3
3,-80.085,S1E3
3,-55.370000000000005,S1E3
3,-79.445,S1E3
3,-80.07499999999999,S1E3
3,-102.91,S1E3
3,-80.72,S1E3
3,-104.84,S1E3
3,-68.89500000000001,S1E3
3,-70.95,S1E3
3,-76.03,S1E3
3,-122.565,S1E3
3,-118.62,S1E3
3,-115.885,S1E3
3,-111.455,S1E3
3,-104.0,S1E3
3,-109.0,S1E3
3,-109.25,S1E3
3,-102.44,S1E3
3,-77.79499999999999,S1E3
3,-74.7,S1E3
3,-73.03,S1E3
3,-73.59,S1E3
3,-80.0,S1E3
3,-76.86,S1E3
3,-103.55,S1E3
3,-78.39,S1E3
3,-110.16,S1E3
3,-103.38,S1E3
3,-79.63,S1E3
3,-112.59,S1E3
3,-107.76,S1E3
3,-76.265,S1E3
3,-124.555,S1E3
3,-102.425,S1E3
3,-108.03,S1E3
3,-150.93,S1E3
3,-115.6,S1E3
3,-110.8,S1E3
3,-116.47,S1E3
3,-114.66,S1E3
3,-109.525,S1E3
3,-78.02000000000001,S1E3
3,-78.49,S1E3
3,-74.05,S1E3
3,-79.235,S1E3
3,-102.92,S1E3
3,-109.34,S1E3
3,-102.4,S1E3
3,-112.96,S1E3
3,-77.34,S1E3
3,-79.44,S1E3
3,-76.005,S1E3
3,-65.005,S1E3
3,-79.59,S1E3
3,-76.95,S1E3
3,-76.8,S1E3
3,-106.855,S1E3
3,-106.45,S1E3
3,-105.59,S1E3
3,-102.75,S1E3
3,-105.46,S1E3
3,-105.255,S1E3
3,-103.66,S1E3
3,-116.76,S1E3
3,-102.2,S1E3
3,-122.34,S1E3
3,-105.09,S1E3
3,-117.985,S1E3
3,-70.99,S1E3
3,-117.91,S1E3
3,-104.66,S1E3
3,-79.59,S1E3
3,-77.82,S1E3
3,-74.205,S1E3
3,-70.315,S1E3
3,-106.73,S1E3
3,-76.0,S1E3
3,-79.63,S1E3
3,-72.88499999999999,S1E3
3,-121.47,S1E3
3,-106.92,S1E3
3,-116.79,S1E3
3,-107.91,S1E3
3,-110.77,S1E3
3,-107.03,S1E3
3,-102.73,S1E3
3,-105.535,S1E3
3,-104.0,S1E3
3,-105.645,S1E3
3,-110.12,S1E3
3,-109.06,S1E3
3,-105.23,S1E3
3,-109.715,S1E3
3,-108.66,S1E3
3,-105.245,S1E3
3,-75.27,S1E3
3,-76.48,S1E3
3,-105.68,S1E3
3,-64.455,S1E3
3,-79.8,S1E3
3,-110.485,S1E3
3,-107.06,S1E3
3,-105.92,S1E3
3,-76.905,S1E3
3,-77.875,S1E3
3,-78.15,S1E3
3,-79.075,S1E3
3,-80.675,S1E3
3,-156.0,S1E3
3,-76.13499999999999,S1E3
3,-156.0,S1E3
3,-104.37,S1E3
3,-156.0,S1E3
3,-70.09,S1E3
3,-103.25,S1E3
3,-80.7,S1E3
3,-80.195,S1E3
4,-80.78,noloop
4,-140.0,noloop
4,-140.0,noloop
4,-71.39500000000001,noloop
4,-79.43,noloop
4,-77.62,noloop
4,-75.61,noloop
4,-79.14,noloop
4,-80.22,noloop
4,-80.36,noloop
4,-80.66,noloop
4,-79.66,noloop
4,-78.06,noloop
4,-79.875,noloop
4,-76.88,noloop
4,-79.6,noloop
4,-140.0,noloop
4,-140.0,noloop
4,-140.0,noloop
4,-140.0,noloop
4,-140.0,noloop
4,-78.69,noloop
4,-77.09,noloop
4,-80.3,noloop
4,-76.72999999999999,noloop
4,-73.66,noloop
4,-140.0,noloop
4,-140.0,noloop
4,-80.12,noloop
4,-78.86,noloop
4,-76.385,noloop
4,-79.32,noloop
4,-80.73,noloop
4,-80.445,noloop
4,-74.755,noloop
4,-79.61,noloop
4,-79.66,noloop
4,-79.55,noloop
4,-79.59,noloop
4,-79.73,noloop
4,-79.13,noloop
4,-80.14,noloop
4,-80.59,noloop
4,-79.715,noloop
4,-79.53,noloop
4,-78.495,noloop
4,-79.56,noloop
4,-76.655,noloop
4,-79.2,noloop
4,-78.825,noloop
4,-78.88499999999999,noloop
4,-79.45,noloop
4,-76.60499999999999,noloop
4,-79.715,noloop
4,-79.88,noloop
4,-77.4,noloop
4,-78.93,noloop
4,-78.48,noloop
4,-78.05,noloop
4,-79.26,noloop
4,-78.69,noloop
4,-78.41,noloop
4,-79.36,noloop
4,-74.22,noloop
4,-77.35,noloop
4,-140.0,noloop
4,-140.0,noloop
4,-79.99,noloop
4,-76.31,noloop
4,-80.38499999999999,noloop
4,-79.98,noloop
4,-77.135,noloop
4,-77.675,noloop
4,-140.0,noloop
4,-79.98,noloop
4,-74.905,noloop
4,-76.81,noloop
4,-80.79,noloop
4,-72.44999999999999,noloop
4,-74.34,noloop
4,-79.61,noloop
4,-79.48,noloop
4,-140.0,noloop
4,-140.0,noloop
4,-78.13,noloop
4,-80.16,noloop
4,-78.38,noloop
4,-140.0,noloop
4,-140.0,noloop
4,-78.705,noloop
4,-79.18,noloop
4,-72.13,noloop
4,-79.99,noloop
4,-79.905,noloop
4,-79.275,noloop
4,-78.64,noloop
4,-152.7,noloop
4,-155.95999999999998,noloop
4,-77.425,noloop
4,-78.935,noloop
4,-140.0,noloop
4,-80.8,noloop
4,-79.7,noloop
4,-77.71,noloop
4,-78.1,noloop
4,-76.925,noloop
4,-70.23,noloop
4,-79.50999999999999,noloop
4,-78.13,noloop
4,-73.57,noloop
4,-79.77,noloop
4,-140.0,noloop
4,-74.91,noloop
4,-80.525,noloop
4,-140.0,noloop
4,-79.815,noloop
4,-79.815,noloop
4,-78.84,noloop
4,-80.24000000000001,noloop
4,-140.0,noloop
4,-79.41,noloop
4,-79.525,noloop
4,-140.0,noloop
4,-79.52000000000001,noloop
4,-77.41,noloop
4,-78.39,noloop
4,-76.46,noloop
4,-137.06,noloop
4,-78.36,noloop
4,-140.0,noloop
4,-140.0,noloop
4,-140.0,noloop
4,-79.59,noloop
4,-79.125,noloop
4,-78.795,noloop
4,-140.0,noloop
4,-75.42500000000001,noloop
4,-75.45,noloop
4,-80.195,noloop
4,-79.39,noloop
4,-79.45,noloop
4,-125.545,noloop
4,-140.0,noloop
4,-140.0,noloop
4,-140.0,noloop
4,-133.25,noloop
4,-79.33500000000001,noloop
4,-79.62,noloop
4,-80.62,noloop
4,-80.465,noloop
4,-140.0,noloop
4,-140.0,noloop
4,-80.54,noloop
4,-80.75,noloop
4,-78.645,noloop
4,-77.7,noloop
4,-140.0,noloop
4,-140.0,noloop
4,-140.0,noloop
4,-140.0,noloop
4,-77.88,noloop
4,-77.63,noloop
4,-78.77,noloop
4,-140.0,noloop
4,-138.94,noloop
4,-152.74,noloop
4,-140.0,noloop
4,-140.0,noloop
4,-140.0,noloop
4,-119.74,noloop
4,-121.23,noloop
4,-126.04,noloop
4,-140.0,noloop
4,-79.77,noloop
4,-79.505,noloop
4,-80.58,noloop
4,-80.65,noloop
4,-140.0,noloop
4,-80.515,noloop
4,-79.25,noloop
4,-80.59,noloop
4,-77.53999999999999,noloop
4,-80.79,noloop
4,-79.94,noloop
4,-78.23,noloop
4,-79.77,noloop
4,-80.69999999999999,noloop
4,-79.74000000000001,noloop
4,-140.0,noloop
4,-79.62,noloop
4,-79.8,noloop
4,-77.73,noloop
4,-78.06,noloop
4,-80.62,noloop
4,-78.83500000000001,noloop
4,-79.77,noloop
4,-78.41499999999999,noloop
4,-80.25999999999999,noloop
4,-79.815,noloop
4,-80.46,noloop
4,-79.19,noloop
4,-80.67,noloop
4,-80.53,noloop
4,-80.59,noloop
4,-79.275,noloop
4,-80.66,noloop
4,-79.63,noloop
4,-79.51,noloop
4,-79.04,noloop
4,-140.0,noloop
4,-78.86,noloop
4,-79.60499999999999,noloop
4,-76.215,noloop
4,-78.9,noloop
4,-77.15,noloop
4,-79.93,noloop
4,-77.36,noloop
4,-140.0,noloop
4,-76.08500000000001,noloop
4,-79.785,noloop
4,-78.52,noloop
4,-80.03999999999999,noloop
4,-80.68,noloop
4,-79.88,noloop
4,-78.27000000000001,noloop
4,-79.755,noloop
4,-79.74,noloop
4,-79.58000000000001,noloop
4,-78.69,noloop
4,-79.695,noloop
4,-76.31,noloop
4,-80.27,noloop
4,-78.39,noloop
4,-78.74,noloop
4,-80.63,noloop
4,-79.03,noloop
4,-80.28,noloop
4,-79.4,noloop
4,-79.47,noloop
4,-78.63,noloop
4,-80.8,noloop
4,-78.48,noloop
4,-80.67,noloop
4,-79.18,noloop
4,-78.8,noloop
4,-79.73,noloop
4,-140.0,noloop
4,-140.0,noloop
4,-64.41,noloop
4,-72.85,noloop
4,-72.91,noloop
4,-58.565,noloop
4,-71.81,noloop
4,-72.93,noloop
4,-74.22999999999999,noloop
4,-71.66999999999999,noloop
4,-71.16,noloop
4,-69.88,noloop
4,-73.94,noloop
4,-78.13,noloop
4,-79.11,noloop
4,-140.0,noloop
4,-79.39,noloop
4,-72.77,noloop
4,-140.0,noloop
4,-73.13,noloop
4,-75.08500000000001,noloop
4,-77.08,noloop
4,-140.0,noloop
4,-140.0,noloop
4,-79.19,noloop
4,-78.15,noloop
4,-140.0,noloop
4,-140.0,noloop
4,-77.125,noloop
4,-80.74000000000001,noloop
4,-74.96000000000001,noloop
4,-77.685,noloop
4,-140.0,noloop
4,-140.0,noloop
4,-140.0,noloop
4,-140.0,noloop
4,-140.0,noloop
4,-152.48,noloop
4,-140.0,noloop
4,-140.0,noloop
4,-114.3,noloop
4,-117.345,noloop
4,-155.77,noloop
4,-155.77,noloop
4,-113.86,noloop
4,-140.0,noloop
4,-73.61,noloop
4,-156.0,noloop
4,-78.38,noloop
4,-79.545,noloop
4,-80.45,noloop
4,-79.46,noloop
4,-79.365,noloop
4,-80.3,noloop
4,-80.33,noloop
4,-63.735,noloop
4,-140.0,noloop
4,-80.57,noloop
4,-79.74000000000001,noloop
4,-77.99,noloop
4,-79.795,noloop
4,-80.45,noloop
4,-80.38,noloop
4,-80.45,noloop
4,-80.12,noloop
4,-80.12,noloop
4,-156.0,noloop
4,-80.225,noloop
4,-79.88,noloop
4,-79.52,noloop
4,-80.8,noloop
4,-79.06,noloop
4,-79.5,noloop
4,-79.5,noloop
4,-77.95,noloop
4,-76.05000000000001,noloop
4,-77.92,noloop
4,-80.3,noloop
4,-80.38,noloop
4,-80.38,noloop
4,-79.8,noloop
4,-80.28999999999999,noloop
4,-80.49,noloop
4,-140.0,noloop
4,-78.82499999999999,noloop
4,-79.435,noloop
4,-79.66,noloop
4,-80.54,noloop
4,-140.0,noloop
4,-79.41,noloop
4,-156.0,noloop
4,-80.05000000000001,noloop
4,-79.66,noloop
4,-80.09,noloop
4,-80.08,noloop
4,-140.0,noloop
4,-79.24000000000001,noloop
4,-71.44,noloop
4,-70.535,noloop
4,-80.6,noloop
4,-140.0,noloop
4,-140.0,noloop
4,-78.985,noloop
4,-79.065,noloop
4,-140.0,noloop
4,-77.1,noloop
4,-79.63,noloop
4,-140.0,noloop
4,-78.62,noloop
4,-75.91,noloop
4,-80.09,noloop
4,-140.0,noloop
4,-79.88,noloop
4,-80.33,noloop
4,-80.34,noloop
4,-140.0,noloop
4,-140.0,noloop
4,-140.0,noloop
4,-140.0,noloop
4,-140.0,noloop
4,-79.345,noloop
4,-79.75,noloop
4,-78.89,noloop
4,-80.48,noloop
4,-79.06,noloop
4,-79.89,noloop
4,-80.755,noloop
4,-73.08,noloop
4,-74.51,noloop
4,-79.86,noloop
4,-140.0,noloop
4,-140.0,noloop
4,-140.0,noloop
4,-74.66,noloop
4,-77.44,noloop
4,-140.0,noloop
4,-140.0,noloop
4,-140.0,noloop
4,-77.56,noloop
4,-140.0,noloop
4,-140.0,noloop
4,-140.0,noloop
4,-140.0,noloop
4,-79.9,noloop
4,-80.63,noloop
4,-79.89500000000001,noloop
4,-80.28999999999999,noloop
4,-140.0,noloop
4,-79.88,noloop
4,-79.81,noloop
4,-78.49,noloop
4,-78.31,noloop
4,-77.16,noloop
4,-80.2,noloop
4,-79.98,noloop
4,-79.23,noloop
4,-80.425,noloop
4,-80.7,noloop
4,-79.74,noloop
4,-78.28,noloop
4,-78.6,noloop
4,-78.785,noloop
4,-140.0,noloop
4,-79.63,noloop
4,-79.63,noloop
4,-78.4,noloop
4,-78.35,noloop
4,-80.16,noloop
4,-78.66,noloop
4,-77.89,noloop
4,-79.13,noloop
4,-77.48,noloop
4,-79.38499999999999,noloop
4,-79.51,noloop
4,-80.07,noloop
4,-76.11,noloop
4,-76.27,noloop
4,-77.83500000000001,noloop
4,-79.11,noloop
4,-77.38,noloop
4,-80.54,noloop
4,-80.1,noloop
4,-77.88,noloop
4,-78.63,noloop
4,-80.69,noloop
4,-80.67,noloop
4,-80.07,noloop
4,-79.4,noloop
4,-80.2,noloop
4,-76.93,noloop
4,-80.57,noloop
4,-79.99,noloop
4,-76.77,noloop
4,-77.005,noloop
4,-78.78,noloop
4,-79.72999999999999,noloop
4,-80.27,noloop
4,-79.755,noloop
4,-76.99,noloop
4,-77.695,noloop
4,-78.63,noloop
4,-80.16999999999999,noloop
4,-140.0,noloop
4,-80.55000000000001,noloop
4,-76.46000000000001,noloop
4,-75.51,noloop
4,-79.7,noloop
4,-79.47,noloop
4,-80.51,noloop
4,-80.47,noloop
4,-79.02,noloop
4,-80.08,noloop
4,-79.41,noloop
4,-80.81,noloop
4,-78.86,noloop
4,-79.48,noloop
4,-79.71,noloop
4,-140.0,noloop
4,-79.82,noloop
4,-78.53,noloop
4,-77.29499999999999,noloop
4,-78.16,noloop
4,-78.52,noloop
4,-77.35,noloop
4,-80.82,noloop
4,-75.61500000000001,noloop
4,-77.41,noloop
4,-140.0,noloop
4,-80.48,noloop
4,-73.54,noloop
4,-74.475,noloop
4,-140.0,noloop
4,-67.66,noloop
4,-140.0,noloop
4,-74.205,noloop
4,-75.5,noloop
4,-73.24000000000001,noloop
4,-75.34,noloop
4,-75.77000000000001,noloop
4,-140.0,noloop
4,-140.0,noloop
4,-140.0,noloop
4,-74.36,noloop
4,-140.0,noloop
4,-73.1,noloop
4,-79.88,noloop
4,-140.0,noloop
4,-119.42,noloop
4,-80.78,noloop
4,-140.0,noloop
4,-114.57,noloop
4,-54.925,noloop
4,-79.9,noloop
4,-80.55,noloop
4,-78.86,noloop
4,-78.52,noloop
4,-127.1,noloop
4,-77.69,noloop
4,-68.32,noloop
4,-74.69,noloop
4,-77.46000000000001,noloop
4,-140.0,noloop
4,-114.38,noloop
4,-140.0,noloop
4,-118.08,noloop
4,-116.77,noloop
4,-155.55,noloop
4,-140.0,noloop
4,-117.93,noloop
4,-132.865,noloop
4,-117.94,noloop
4,-140.0,noloop
4,-128.4,noloop
4,-125.635,noloop
4,-140.0,noloop
4,-140.0,noloop
4,-140.27,noloop
4,-140.0,noloop
4,-140.0,noloop
4,-71.52000000000001,noloop
4,-140.0,noloop
4,-116.77,noloop
4,-79.5,noloop
4,-74.595,noloop
4,-140.0,noloop
4,-80.64,noloop
4,-140.0,noloop
4,-140.0,noloop
4,-79.405,noloop
4,-140.0,noloop
4,-132.83499999999998,noloop
4,-117.1,noloop
4,-115.87,noloop
4,-151.92,noloop
4,-151.48,noloop
4,-152.39,noloop
4,-76.935,noloop
4,-140.0,noloop
4,-74.62,noloop
4,-140.0,noloop
4,-79.38,noloop
4,-78.03,noloop
4,-140.0,noloop
4,-140.0,noloop
4,-118.3,noloop
4,-114.8,noloop
4,-75.77,noloop
4,-76.435,noloop
4,-140.0,noloop
4,-140.0,noloop
4,-121.01,noloop
4,-124.67,noloop
4,-131.3,noloop
4,-115.51,noloop
4,-140.0,noloop
4,-140.0,noloop
4,-140.0,noloop
4,-140.0,noloop
4,-80.79,noloop
4,-77.39,noloop
4,-76.82,noloop
4,-140.0,noloop
4,-62.28,noloop
4,-76.27,noloop
4,-65.68,noloop
4,-68.64,noloop
4,-79.27,noloop
4,-79.31,noloop
4,-66.695,noloop
4,-72.62,noloop
4,-69.33,noloop
4,-70.035,noloop
4,-64.37,noloop
4,-79.42500000000001,noloop
4,-79.925,noloop
4,-80.21,noloop
4,-75.5,noloop
4,-78.63,noloop
4,-79.73,noloop
4,-78.45,noloop
4,-77.55,noloop
4,-76.55,noloop
4,-79.98,noloop
4,-77.09,noloop
4,-73.06,noloop
4,-76.16,noloop
4,-76.38,noloop
4,-140.0,noloop
4,-140.0,noloop
4,-140.0,noloop
4,-140.0,noloop
4,-140.0,noloop
4,-140.0,noloop
4,-76.465,noloop
4,-78.74,noloop
4,-77.52,noloop
4,-79.98,noloop
4,-78.48500000000001,noloop
4,-77.83,noloop
4,-80.55,noloop
4,-77.63,noloop
4,-78.945,noloop
4,-80.735,noloop
4,-79.37,noloop
4,-77.08500000000001,noloop
4,-77.72,noloop
4,-75.595,noloop
4,-80.63,noloop
4,-78.46,noloop
4,-80.72,noloop
4,-78.99,noloop
4,-79.33500000000001,noloop
4,-140.0,noloop
4,-140.0,noloop
4,-77.82,noloop
4,-78.16,noloop
4,-79.49000000000001,noloop
4,-76.725,noloop
4,-80.79,noloop
4,-79.46,noloop
4,-80.8,noloop
4,-80.18,noloop
4,-79.95,noloop
4,-78.68,noloop
4,-79.225,noloop
4,-140.0,noloop
4,-140.0,noloop
4,-78.13,noloop
4,-78.1,noloop
4,-140.0,noloop
4,-140.0,noloop
4,-80.28,noloop
4,-78.26,noloop
4,-77.34,noloop
4,-78.81,noloop
4,-77.85499999999999,noloop
4,-79.95,noloop
4,-140.0,noloop
4,-140.0,noloop
4,-140.0,noloop
4,-155.64,noloop
4,-140.0,noloop
4,-140.0,noloop
4,-140.0,noloop
4,-140.0,noloop
4,-140.0,noloop
4,-112.95,noloop
4,-140.0,noloop
4,-140.0,noloop
4,-140.0,noloop
4,-156.0,noloop
4,-140.0,noloop
4,-119.91,noloop
4,-140.0,noloop
4,-140.0,noloop
4,-140.0,noloop
4,-120.0,noloop
4,-140.0,noloop
4,-140.0,noloop
4,-140.0,noloop
4,-118.37,noloop
4,-140.0,noloop
4,-140.0,noloop
4,-140.0,noloop
4,-79.65,noloop
4,-140.0,noloop
4,-140.0,noloop
4,-140.0,noloop
4,-140.0,noloop
4,-140.0,noloop
4,-140.0,noloop
4,-140.0,noloop
4,-140.0,noloop
4,-140.0,noloop
4,-140.0,noloop
4,-140.0,noloop
4,-140.0,noloop
4,-140.0,noloop
4,-140.0,noloop
4,-140.0,noloop
4,-140.0,noloop
4,-140.0,noloop
4,-140.0,noloop
4,-140.0,noloop
4,-140.0,noloop
4,-140.0,noloop
4,-79.46,noloop
4,-140.0,noloop
4,-140.0,noloop
4,-140.0,noloop
4,-140.0,noloop
4,-114.74,noloop
4,-79.225,noloop
4,-140.0,noloop
4,-118.76,noloop
4,-140.0,noloop
4,-140.0,noloop
4,-140.0,noloop
4,-140.0,noloop
4,-140.0,noloop
4,-140.0,noloop
4,-140.0,noloop
4,-140.0,noloop
4,-79.87,noloop
4,-140.0,noloop
4,-76.78999999999999,noloop
4,-140.0,noloop
4,-114.8,noloop
4,-140.0,noloop
4,-80.05,noloop
4,-140.0,noloop
4,-140.0,noloop
4,-140.0,noloop
4,-140.0,noloop
4,-140.0,noloop
4,-140.0,noloop
4,-140.0,noloop
4,-140.0,noloop
4,-140.0,noloop
4,-155.94,noloop
4,-140.0,noloop
4,-140.0,noloop
4,-114.76,noloop
4,-144.51,noloop
4,-140.0,noloop
4,-140.0,noloop
4,-140.0,noloop
4,-140.0,noloop
4,-140.0,noloop
4,-140.0,noloop
4,-116.77,noloop
4,-140.0,noloop
4,-140.0,noloop
4,-140.0,noloop
4,-78.33500000000001,noloop
4,-140.0,noloop
4,-140.0,noloop
4,-140.0,noloop
4,-140.0,noloop
4,-119.2,noloop
4,-80.43,noloop
4,-140.0,noloop
4,-140.0,noloop
4,-140.0,noloop
4,-140.0,noloop
4,-140.0,noloop
4,-79.48,noloop
4,-78.84,noloop
4,-154.49,noloop
4,-78.625,noloop
4,-140.0,noloop
4,-120.19,noloop
4,-79.22,noloop
4,-140.0,noloop
4,-78.7,noloop
4,-140.0,noloop
4,-140.0,noloop
4,-79.645,noloop
4,-140.0,noloop
4,-79.43,noloop
4,-140.0,noloop
4,-79.655,noloop
4,-140.0,noloop
4,-140.0,noloop
4,-80.62,noloop
4,-140.0,noloop
4,-140.0,noloop
4,-131.44,noloop
4,-156.0,noloop
4,-135.7,noloop
4,-144.405,noloop
4,-145.58,noloop
4,-140.0,noloop
4,-80.79,noloop
4,-140.0,noloop
4,-140.0,noloop
4,-140.0,noloop
4,-140.0,noloop
4,-140.0,noloop
4,-140.0,noloop
4,-140.0,noloop
4,-140.0,noloop
4,-140.0,noloop
4,-140.0,noloop
4,-118.93,noloop
4,-140.0,noloop
4,-140.0,noloop
4,-140.0,noloop
4,-140.0,noloop
4,-140.0,noloop
4,-140.0,noloop
4,-65.43,noloop
4,-76.685,noloop
4,-140.0,noloop
4,-140.0,noloop
4,-140.0,noloop
4,-140.0,noloop
4,-72.19,noloop
4,-77.93,noloop
4,-140.0,noloop
4,-140.0,noloop
4,-80.79,noloop
4,-140.0,noloop
4,-140.0,noloop
4,-115.14,noloop
4,-140.0,noloop
4,-112.94,noloop
4,-140.0,noloop
4,-140.0,noloop
4,-140.0,noloop
4,-140.0,noloop
4,-140.0,noloop
4,-140.0,noloop
4,-140.0,noloop
4,-140.0,noloop
4,-140.0,noloop
4,-140.0,noloop
4,-75.105,noloop
4,-76.98,noloop
4,-78.59,noloop
4,-140.0,noloop
4,-140.0,noloop
4,-69.54,noloop
4,-123.82,noloop
4,-80.6,noloop
4,-78.85,noloop
4,-140.0,noloop
4,-140.0,noloop
4,-140.0,noloop
4,-140.0,noloop
4,-140.0,noloop
4,-140.0,noloop
4,-140.0,noloop
4,-116.935,noloop
4,-140.0,noloop
4,-140.0,noloop
4,-77.14,noloop
4,-140.0,noloop
4,-68.73,noloop
4,-140.0,noloop
4,-140.0,noloop
4,-140.0,noloop
4,-140.0,noloop
4,-140.0,noloop
4,-140.0,noloop
4,-140.0,noloop
4,-140.0,noloop
4,-140.0,noloop
4,-140.0,noloop
4,-140.0,noloop
4,-80.76,noloop
4,-140.0,noloop
4,-140.0,noloop
4,-80.18,noloop
4,-140.0,noloop
4,-140.0,noloop
4,-140.0,noloop
4,-140.0,noloop
4,-140.0,noloop
4,-140.0,noloop
4,-70.39,noloop
4,-75.45,noloop
4,-140.0,noloop
4,-72.34,noloop
4,-140.0,noloop
4,-140.0,noloop
4,-115.39,noloop
4,-79.71,noloop
4,-140.0,noloop
4,-140.0,noloop
4,-140.0,noloop
4,-140.0,noloop
4,-140.0,noloop
4,-140.0,noloop
4,-140.0,noloop
4,-79.675,noloop
4,-140.0,noloop
4,-78.33,noloop
4,-140.0,noloop
4,-79.98,noloop
4,-140.0,noloop
4,-140.0,noloop
4,-140.0,noloop
4,-80.505,noloop
4,-140.0,noloop
4,-140.0,noloop
4,-76.345,noloop
4,-140.0,noloop
4,-140.0,noloop
4,-140.0,noloop
4,-140.0,noloop
4,-140.0,noloop
4,-140.0,noloop
4,-140.0,noloop
4,-140.0,noloop
4,-117.02,noloop
4,-140.0,noloop
4,-140.0,noloop
4,-140.0,noloop
4,-140.0,noloop
4,-140.0,noloop
4,-115.59,noloop
4,-140.0,noloop
4,-140.0,noloop
4,-140.0,noloop
4,-140.0,noloop
4,-70.22999999999999,noloop
4,-70.22,noloop
4,-140.0,noloop
4,-140.0,noloop
4,-140.0,noloop
4,-140.0,noloop
4,-140.0,noloop
4,-140.0,noloop
4,-140.0,noloop
4,-70.62,noloop
4,-156.0,noloop
4,-156.0,noloop
4,-69.26,noloop
4,-70.05,noloop
4,-140.0,noloop
4,-80.41,noloop
4,-80.06,noloop
4,-72.745,noloop
4,-78.30000000000001,noloop
4,-71.52000000000001,noloop
4,-71.485,noloop
4,-74.13,noloop
4,-78.12,noloop
4,-128.10000000000002,noloop
4,-122.5,noloop
4,-80.41,noloop
4,-77.97,noloop
4,-140.0,noloop
4,-140.0,noloop
4,-80.32,noloop
4,-80.76,noloop
4,-140.0,noloop
4,-140.0,noloop
4,-140.0,noloop
4,-140.0,noloop
4,-140.0,noloop
4,-140.0,noloop
4,-140.0,noloop
4,-140.0,noloop
4,-130.82,noloop
4,-136.79000000000002,noloop
4,-140.0,noloop
4,-140.0,noloop
4,-75.92,noloop
4,-80.045,noloop
4,-78.74000000000001,noloop
4,-140.0,noloop
4,-140.0,noloop
4,-140.0,noloop
4,-140.0,noloop
4,-78.42500000000001,noloop
4,-80.085,noloop
4,-69.20500000000001,noloop
4,-74.67,noloop
4,-68.59,noloop
4,-78.9,noloop
4,-80.51,noloop
4,-78.965,noloop
4,-75.285,noloop
4,-80.73,noloop
4,-75.39,noloop
4,-80.505,noloop
4,-79.22999999999999,noloop
4,-78.84,noloop
4,-57.98,noloop
4,-78.49000000000001,noloop
4,-68.96000000000001,noloop
4,-73.345,noloop
4,-80.13,noloop
4,-79.255,noloop
4,-80.38,noloop
4,-80.065,noloop
4,-79.85,noloop
4,-140.0,noloop
4,-79.445,noloop
4,-65.02000000000001,noloop
4,-80.21,noloop
4,-62.29,noloop
4,-76.5,noloop
4,-80.42,noloop
4,-79.79,noloop
4,-69.72,noloop
4,-80.375,noloop
4,-78.05,noloop
4,-74.91,noloop
4,-80.07499999999999,noloop
4,-62.165,noloop
4,-79.69999999999999,noloop
4,-78.2,noloop
4,-140.0,noloop
4,-79.62,noloop
4,-71.09,noloop
4,-72.14,noloop
4,-76.86,noloop
4,-77.02,noloop
4,-77.4,noloop
4,-74.985,noloop
4,-80.75,noloop
4,-73.095,noloop
4,-80.035,noloop
4,-69.16,noloop
4,-76.32,noloop
4,-80.67,noloop
4,-79.33,noloop
4,-70.16,noloop
4,-140.0,noloop
4,-80.09,noloop
4,-80.34,noloop
4,-68.525,noloop
4,-71.95,noloop
4,-75.82,noloop
4,-72.35499999999999,noloop
4,-73.2,noloop
4,-140.0,noloop
4,-140.0,noloop
4,-75.495,noloop
4,-68.04,noloop
4,-140.0,noloop
4,-79.8,noloop
4,-79.905,noloop
4,-79.91,noloop
4,-78.55,noloop
4,-80.595,noloop
4,-76.66,noloop
4,-140.0,noloop
4,-140.0,noloop
4,-69.205,noloop
4,-140.0,noloop
4,-140.0,noloop
4,-67.765,noloop
4,-140.0,noloop
4,-79.41999999999999,noloop
4,-64.69,noloop
4,-140.0,noloop
4,-73.39,noloop
4,-78.27,noloop
4,-74.19999999999999,noloop
4,-74.88,noloop
4,-77.68,noloop
4,-140.0,noloop
4,-140.0,noloop
4,-126.47,noloop
4,-140.0,noloop
4,-121.45,noloop
4,-120.355,noloop
4,-115.595,noloop
4,-114.92,noloop
4,-134.345,noloop
4,-126.87,noloop
4,-115.225,noloop
4,-113.415,noloop
4,-69.06,noloop
4,-140.0,noloop
4,-71.185,noloop
4,-72.86,noloop
4,-140.0,noloop
4,-140.0,noloop
4,-119.7,noloop
4,-137.02,noloop
4,-134.45,noloop
4,-132.01999999999998,noloop
4,-113.58,noloop
4,-140.0,noloop
4,-123.86,noloop
4,-116.52,noloop
4,-80.46000000000001,noloop
4,-80.46,noloop
4,-77.0,noloop
4,-140.0,noloop
4,-140.0,noloop
4,-140.0,noloop
4,-140.0,noloop
4,-75.485,noloop
4,-140.0,noloop
4,-65.57,noloop
4,-140.0,noloop
4,-140.0,noloop
4,-143.94,noloop
4,-140.0,noloop
4,-118.5,noloop
4,-115.63,noloop
4,-114.84,noloop
4,-127.695,noloop
4,-119.215,noloop
4,-113.91,noloop
4,-124.58,noloop
4,-125.875,noloop
4,-116.36,noloop
4,-76.7,noloop
4,-146.01,noloop
4,-80.65,noloop
4,-140.0,noloop
4,-126.57,noloop
4,-113.83,noloop
4,-116.97,noloop
4,-134.0,noloop
4,-140.0,noloop
4,-79.66499999999999,noloop
4,-75.93,noloop
4,-140.0,noloop
4,-79.61,noloop
4,-80.3,noloop
4,-79.17,noloop
4,-80.35499999999999,noloop
4,-79.59,noloop
4,-113.8,noloop
4,-140.0,noloop
4,-140.0,noloop
4,-140.0,noloop
4,-140.0,noloop
4,-114.99,noloop
4,-140.0,noloop
4,-140.0,noloop
4,-140.0,noloop
4,-140.0,noloop
4,-140.0,noloop
4,-140.0,noloop
4,-140.0,noloop
4,-140.0,noloop
4,-140.0,noloop
4,-79.27,noloop
4,-140.0,noloop
4,-140.0,noloop
4,-140.0,noloop
4,-140.0,noloop
4,-140.0,noloop
4,-140.0,noloop
4,-140.0,noloop
4,-140.0,noloop
4,-140.0,noloop
4,-140.0,noloop
4,-140.0,noloop
4,-140.0,noloop
4,-80.72,noloop
4,-140.0,noloop
4,-140.0,noloop
4,-140.0,noloop
4,-140.0,noloop
4,-140.0,noloop
4,-140.0,noloop
4,-156.0,noloop
4,-140.0,noloop
4,-140.0,noloop
4,-140.0,noloop
4,-140.0,noloop
4,-140.0,noloop
4,-140.0,noloop
4,-140.0,noloop
4,-140.0,noloop
4,-140.0,noloop
4,-115.63,noloop
4,-115.63,noloop
4,-156.0,noloop
4,-156.0,noloop
4,-156.0,noloop
4,-156.0,noloop
4,-156.0,noloop
4,-117.81,noloop
4,-116.64,noloop
4,-113.22,noloop
4,-114.615,noloop
4,-114.76,noloop
4,-117.38,noloop
4,-140.0,noloop
4,-69.065,noloop
4,-140.0,noloop
4,-140.0,noloop
4,-140.0,noloop
4,-140.0,noloop
4,-140.0,noloop
4,-120.03,noloop
4,-115.7,noloop
4,-115.57,noloop
4,-140.0,noloop
4,-73.19,noloop
4,-72.215,noloop
4,-140.0,noloop
4,-140.0,noloop
4,-68.54,noloop
4,-69.63,noloop
4,-78.92,noloop
4,-78.83,noloop
4,-73.44,noloop
4,-66.015,noloop
4,-74.9,noloop
4,-66.38,noloop
4,-65.86,noloop
4,-79.405,noloop
4,-78.47,noloop
4,-77.44,noloop
4,-140.0,noloop
4,-117.56,noloop
4,-122.25,noloop
4,-114.44,noloop
4,-140.0,noloop
4,-140.0,noloop
4,-140.0,noloop
4,-140.0,noloop
4,-140.0,noloop
4,-140.0,noloop
4,-140.0,noloop
4,-114.7,noloop
4,-117.73,noloop
4,-80.285,noloop
4,-140.0,noloop
4,-80.39500000000001,noloop
4,-79.63,noloop
4,-73.03999999999999,noloop
4,-78.17500000000001,noloop
4,-74.98,noloop
4,-124.15,noloop
4,-141.41,noloop
4,-118.42,noloop
4,-115.015,noloop
4,-117.325,noloop
4,-140.0,noloop
4,-140.0,noloop
4,-140.0,noloop
4,-140.0,noloop
4,-140.0,noloop
4,-78.09,noloop
4,-77.7,noloop
4,-140.0,noloop
4,-80.66,noloop
4,-139.055,noloop
4,-114.33,noloop
4,-140.0,noloop
4,-140.0,noloop
4,-140.0,noloop
4,-80.39500000000001,noloop
4,-140.0,noloop
4,-140.0,noloop
4,-74.77000000000001,noloop
4,-140.0,noloop
4,-140.0,noloop
4,-140.0,noloop
4,-79.23,noloop
4,-140.0,noloop
4,-140.0,noloop
4,-75.03,noloop
4,-75.375,noloop
4,-140.0,noloop
4,-79.675,noloop
4,-80.02,noloop
4,-140.0,noloop
4,-140.0,noloop
4,-140.0,noloop
4,-140.0,noloop
4,-140.0,noloop
4,-140.0,noloop
4,-140.0,noloop
4,-140.0,noloop
4,-76.58,noloop
4,-80.13,noloop
4,-74.36,noloop
4,-140.0,noloop
4,-140.0,noloop
4,-77.33,noloop
4,-73.55,noloop
4,-79.61,noloop
4,-70.78,noloop
4,-77.65,noloop
4,-79.595,noloop
4,-77.34,noloop
4,-77.1,noloop
4,-77.565,noloop
4,-78.73,noloop
4,-78.73,noloop
4,-78.22,noloop
4,-76.06,noloop
4,-79.24,noloop
4,-77.01,noloop
4,-76.975,noloop
4,-79.37,noloop
4,-78.535,noloop
4,-74.765,noloop
4,-75.23,noloop
4,-77.155,noloop
4,-76.62,noloop
4,-76.34,noloop
4,-80.02,noloop
4,-71.18,noloop
4,-78.63,noloop
4,-80.05,noloop
4,-74.55000000000001,noloop
4,-140.0,noloop
4,-80.04,noloop
4,-74.01,noloop
4,-80.26,noloop
4,-78.07499999999999,noloop
4,-78.44,noloop
4,-118.59,noloop
4,-119.75,noloop
4,-119.575,noloop
4,-118.55,noloop
4,-73.795,noloop
4,-78.89,noloop
4,-80.16,noloop
4,-78.39,noloop
4,-79.63,noloop
4,-79.125,noloop
4,-79.7,noloop
4,-75.85,noloop
4,-140.0,noloop
4,-75.21000000000001,noloop
4,-80.2,noloop
4,-79.27000000000001,noloop
4,-78.75,noloop
4,-69.2,noloop
4,-79.87,noloop
4,-75.56,noloop
4,-75.275,noloop
4,-68.65,noloop
4,-70.41,noloop
4,-71.305,noloop
4,-73.42,noloop
4,-64.92,noloop
4,-140.0,noloop
4,-80.33,noloop
4,-64.04,noloop
4,-72.74000000000001,noloop
4,-67.62,noloop
4,-80.455,noloop
4,-79.3,noloop
4,-74.2,noloop
4,-64.2,noloop
4,-66.2,noloop
4,-68.76,noloop
4,-78.61500000000001,noloop
4,-76.37,noloop
4,-75.34,noloop
4,-155.695,noloop
4,-76.81,noloop
4,-77.91,noloop
4,-77.38,noloop
4,-77.36,noloop
4,-155.02,noloop
4,-78.14,noloop
4,-76.91999999999999,noloop
4,-76.86,noloop
4,-75.21,noloop
4,-72.42,noloop
4,-140.0,noloop
4,-74.55,noloop
4,-75.445,noloop
4,-140.0,noloop
4,-78.35,noloop
4,-76.9,noloop
4,-77.805,noloop
4,-79.62,noloop
4,-140.0,noloop
4,-75.46,noloop
4,-80.81,noloop
4,-76.65,noloop
4,-78.73,noloop
4,-71.25,noloop
4,-75.73500000000001,noloop
4,-75.59,noloop
4,-75.67,noloop
4,-73.705,noloop
4,-77.955,noloop
4,-80.15,noloop
4,-75.555,noloop
4,-74.75,noloop
4,-77.7,noloop
4,-76.34,noloop
4,-80.73,noloop
4,-80.61,noloop
4,-80.54,noloop
4,-61.995000000000005,noloop
4,-80.5,noloop
4,-79.91499999999999,noloop
4,-80.09,noloop
4,-78.945,noloop
4,-78.1,noloop
4,-78.39,noloop
4,-60.895,noloop
4,-79.03999999999999,noloop
4,-79.2,noloop
4,-77.185,noloop
4,-76.57499999999999,noloop
4,-73.92,noloop
4,-67.72,noloop
4,-77.81,noloop
4,-79.05,noloop
4,-76.16499999999999,noloop
4,-80.67500000000001,noloop
4,-74.03,noloop
4,-78.52,noloop
4,-73.455,noloop
4,-140.0,noloop
4,-140.0,noloop
4,-140.0,noloop
4,-140.0,noloop
4,-115.83,noloop
4,-116.64,noloop
4,-140.0,noloop
4,-113.11,noloop
4,-140.0,noloop
4,-140.0,noloop
4,-76.67,noloop
4,-140.0,noloop
4,-76.475,noloop
4,-72.95,noloop
4,-77.76,noloop
4,-140.0,noloop
4,-78.385,noloop
4,-140.0,noloop
4,-79.70500000000001,noloop
4,-140.0,noloop
4,-80.63,noloop
4,-140.0,noloop
4,-140.0,noloop
4,-77.345,noloop
4,-140.0,noloop
4,-140.0,noloop
4,-70.37,noloop
4,-79.735,noloop
4,-79.83500000000001,noloop
4,-77.7,noloop
4,-78.875,noloop
4,-80.69,noloop
4,-80.54,noloop
4,-78.05,noloop
4,-78.84,noloop
4,-78.91,noloop
4,-79.93,noloop
4,-77.14,noloop
4,-77.96,noloop
4,-80.235,noloop
4,-80.17,noloop
4,-79.66,noloop
4,-80.0,noloop
4,-80.41,noloop
4,-79.09,noloop
4,-79.27000000000001,noloop
4,-80.53999999999999,noloop
4,-79.22,noloop
4,-77.73,noloop
4,-78.58500000000001,noloop
4,-79.83,noloop
4,-140.0,noloop
4,-77.765,noloop
4,-76.425,noloop
4,-79.35,noloop
4,-79.29,noloop
4,-78.78,noloop
4,-78.16,noloop
4,-79.485,noloop
4,-80.66,noloop
4,-80.315,noloop
4,-80.205,noloop
4,-77.94,noloop
4,-78.47,noloop
4,-78.49,noloop
4,-76.13,noloop
4,-76.81,noloop
4,-77.05,noloop
4,-140.0,noloop
4,-76.61,noloop
4,-119.2,noloop
4,-80.44,noloop
4,-80.75,noloop
4,-78.87,noloop
4,-79.04,noloop
4,-77.51,noloop
4,-73.51,noloop
4,-77.71,noloop
4,-74.89,noloop
4,-80.6,noloop
4,-75.25,noloop
4,-76.08,noloop
4,-140.0,noloop
4,-140.0,noloop
4,-65.465,noloop
4,-76.86,noloop
4,-73.9,noloop
4,-79.88,noloop
4,-140.0,noloop
4,-140.0,noloop
4,-77.07,noloop
4,-140.0,noloop
4,-79.8,noloop
4,-80.11,noloop
4,-140.0,noloop
4,-80.41,noloop
4,-78.19,noloop
4,-80.75,noloop
4,-79.55,noloop
4,-140.0,noloop
4,-79.24,noloop
4,-79.66,noloop
4,-74.76,noloop
4,-69.14500000000001,noloop
4,-75.27,noloop
4,-74.89,noloop
4,-78.46,noloop
4,-75.49,noloop
4,-72.43,noloop
4,-65.34,noloop
4,-73.14,noloop
4,-69.285,noloop
4,-70.98,noloop
4,-79.53,noloop
4,-70.84,noloop
4,-77.03,noloop
4,-68.555,noloop
4,-68.57,noloop
4,-67.34,noloop
4,-67.34,noloop
4,-68.61500000000001,noloop
4,-78.89500000000001,noloop
4,-73.19,noloop
4,-75.015,noloop
4,-80.76,noloop
4,-78.2,noloop
4,-80.4,noloop
4,-80.16,noloop
4,-80.16,noloop
4,-80.3,noloop
4,-80.41499999999999,noloop
4,-79.38,noloop
4,-80.61,noloop
4,-140.0,noloop
4,-75.13,noloop
4,-140.0,noloop
4,-140.0,noloop
4,-140.0,noloop
4,-140.0,noloop
4,-140.0,noloop
4,-140.0,noloop
4,-72.85,noloop
4,-79.74,noloop
4,-80.27,noloop
4,-80.42,noloop
4,-77.63,noloop
4,-76.06,noloop
4,-78.35,noloop
4,-80.56,noloop
4,-80.795,noloop
4,-80.155,noloop
4,-79.21,noloop
4,-140.0,noloop
4,-80.175,noloop
4,-80.38,noloop
4,-80.71,noloop
4,-79.45,noloop
4,-76.815,noloop
4,-76.63,noloop
4,-80.37,noloop
4,-77.06,noloop
4,-77.37,noloop
4,-79.7,noloop
4,-76.83500000000001,noloop
4,-80.32,noloop
4,-79.28999999999999,noloop
4,-79.315,noloop
4,-77.195,noloop
4,-77.9,noloop
4,-80.54,noloop
4,-80.69,noloop
4,-78.745,noloop
4,-77.565,noloop
4,-76.61,noloop
4,-78.52000000000001,noloop
4,-79.84,noloop
4,-80.8,noloop
4,-80.11,noloop
4,-79.555,noloop
4,-77.25,noloop
4,-79.27,noloop
4,-78.42,noloop
4,-80.525,noloop
4,-79.92,noloop
4,-79.25,noloop
4,-79.7,noloop
4,-79.63,noloop
4,-78.04,noloop
4,-78.74,noloop
4,-80.03,noloop
4,-151.76,noloop
4,-140.0,noloop
4,-140.0,noloop
4,-140.0,noloop
4,-140.0,noloop
4,-113.27,noloop
4,-69.82,noloop
4,-80.25,noloop
4,-79.16,noloop
4,-140.0,noloop
4,-140.0,noloop
4,-140.0,noloop
4,-140.0,noloop
4,-140.0,noloop
4,-140.0,noloop
4,-77.9,noloop
4,-80.77,noloop
4,-78.67,noloop
4,-76.8,noloop
4,-73.61,noloop
4,-77.185,noloop
4,-78.72999999999999,noloop
4,-80.48,noloop
4,-79.33,noloop
4,-78.65,noloop
4,-80.37,noloop
4,-75.15,noloop
4,-140.0,noloop
4,-140.0,noloop
4,-80.33000000000001,noloop
4,-140.0,noloop
4,-140.0,noloop
4,-140.0,noloop
4,-140.0,noloop
4,-116.72,noloop
4,-140.0,noloop
4,-79.09,noloop
4,-140.0,noloop
4,-140.0,noloop
4,-140.0,noloop
4,-140.0,noloop
4,-115.325,noloop
4,-140.0,noloop
4,-123.5,noloop
4,-113.48,noloop
4,-140.0,noloop
4,-140.0,noloop
4,-153.805,noloop
4,-118.59,noloop
4,-113.52,noloop
4,-140.0,noloop
4,-113.46,noloop
4,-140.0,noloop
4,-140.0,noloop
4,-79.53999999999999,noloop
4,-79.955,noloop
4,-140.0,noloop
4,-140.0,noloop
4,-78.96,noloop
4,-140.0,noloop
4,-140.0,noloop
4,-78.76,noloop
4,-73.88,noloop
4,-113.55,noloop
4,-76.23,noloop
4,-77.51,noloop
4,-80.43,noloop
4,-140.0,noloop
4,-140.0,noloop
4,-140.0,noloop
4,-133.95,noloop
4,-115.635,noloop
4,-140.0,noloop
4,-140.0,noloop
4,-120.18,noloop
4,-120.13,noloop
4,-116.67,noloop
4,-116.91,noloop
4,-124.38,noloop
4,-124.88,noloop
4,-77.27,noloop
4,-140.0,noloop
4,-140.0,noloop
4,-113.015,noloop
4,-145.33999999999995,noloop
4,-155.98,noloop
4,-140.0,noloop
4,-147.82,noloop
4,-147.98,noloop
4,-153.59,noloop
4,-117.02,noloop
4,-140.0,noloop
4,-115.245,noloop
4,-114.575,noloop
4,-114.575,noloop
4,-140.0,noloop
4,-117.745,noloop
4,-113.09,noloop
4,-140.0,noloop
4,-113.28,noloop
4,-113.07,noloop
4,-140.0,noloop
4,-140.0,noloop
4,-139.03,noloop
4,-153.21,noloop
4,-140.0,noloop
4,-121.865,noloop
4,-155.98,noloop
4,-156.0,noloop
4,-140.0,noloop
4,-140.0,noloop
4,-113.615,noloop
4,-140.0,noloop
4,-119.63,noloop
4,-143.69,noloop
4,-140.0,noloop
4,-113.86,noloop
4,-117.805,noloop
4,-113.64,noloop
4,-140.0,noloop
4,-155.87,noloop
4,-140.0,noloop
4,-155.995,noloop
4,-115.13,noloop
4,-140.0,noloop
4,-140.0,noloop
4,-140.0,noloop
4,-124.485,noloop
4,-141.37,noloop
4,-113.14,noloop
4,-116.66,noloop
4,-140.0,noloop
4,-114.78,noloop
4,-140.0,noloop
4,-140.0,noloop
4,-140.0,noloop
4,-74.975,noloop
4,-67.72,noloop
4,-73.13,noloop
4,-79.655,noloop
4,-140.0,noloop
4,-140.0,noloop
4,-140.0,noloop
4,-140.0,noloop
4,-140.0,noloop
4,-140.0,noloop
4,-140.0,noloop
4,-140.0,noloop
4,-140.0,noloop
4,-140.0,noloop
4,-140.0,noloop
4,-140.0,noloop
4,-140.0,noloop
4,-140.0,noloop
4,-115.795,noloop
4,-78.87,noloop
4,-140.0,noloop
4,-140.0,noloop
4,-120.98,noloop
4,-80.13,noloop
4,-117.2,noloop
4,-140.0,noloop
4,-140.0,noloop
4,-140.0,noloop
4,-140.0,noloop
4,-116.9,noloop
4,-140.0,noloop
4,-140.0,noloop
4,-140.0,noloop
4,-54.285,noloop
4,-74.5,noloop
4,-64.22999999999999,noloop
4,-70.2,noloop
4,-76.745,noloop
4,-78.23,noloop
4,-140.0,noloop
4,-80.69,noloop
4,-76.28,noloop
4,-70.805,noloop
4,-80.465,noloop
4,-69.68,noloop
4,-71.94,noloop
4,-73.63,noloop
4,-79.095,noloop
4,-77.73,noloop
4,-74.985,noloop
4,-75.64,noloop
4,-76.67,noloop
4,-77.98,noloop
4,-80.2,noloop
4,-80.29,noloop
4,-79.8,noloop
4,-140.0,noloop
4,-116.95,noloop
4,-78.52,noloop
4,-137.51,noloop
4,-80.7,noloop
4,-76.485,noloop
4,-75.65,noloop
4,-78.83,noloop
4,-140.0,noloop
4,-78.85499999999999,noloop
4,-77.91,noloop
4,-78.47,noloop
4,-77.77,noloop
4,-140.0,noloop
4,-80.59,noloop
4,-80.62,noloop
4,-80.54,noloop
4,-76.82,noloop
4,-78.84,noloop
4,-80.58,noloop
4,-80.13,noloop
4,-79.13,noloop
4,-79.1,noloop
4,-78.01,noloop
4,-140.0,noloop
4,-133.22,noloop
4,-140.0,noloop
4,-77.07,noloop
4,-72.72,noloop
4,-75.06,noloop
4,-73.55,noloop
4,-140.0,noloop
4,-140.0,noloop
4,-140.0,noloop
4,-80.25,noloop
4,-140.0,noloop
4,-140.0,noloop
4,-140.0,noloop
4,-77.77,noloop
4,-72.02,noloop
4,-140.0,noloop
4,-140.0,noloop
4,-80.13,noloop
4,-80.4,noloop
4,-73.78,noloop
4,-77.05,noloop
4,-80.26,noloop
4,-78.99,noloop
4,-79.55,noloop
4,-79.58,noloop
4,-79.32,noloop
4,-74.94,noloop
4,-69.585,noloop
4,-79.31,noloop
4,-80.535,noloop
4,-79.41,noloop
4,-140.0,noloop
4,-76.315,noloop
4,-79.965,noloop
4,-77.14500000000001,noloop
4,-78.06,noloop
4,-77.34,noloop
4,-79.81,noloop
4,-79.27,noloop
4,-73.275,noloop
4,-77.38,noloop
4,-76.465,noloop
4,-80.74,noloop
4,-80.74,noloop
4,-80.245,noloop
4,-140.0,noloop
4,-140.0,noloop
4,-80.64,noloop
4,-140.0,noloop
4,-78.46,noloop
4,-80.13,noloop
4,-140.0,noloop
4,-79.34,noloop
4,-79.16,noloop
4,-140.0,noloop
4,-140.0,noloop
4,-70.85,noloop
4,-76.7,noloop
4,-77.58,noloop
4,-79.53999999999999,noloop
4,-80.7,noloop
4,-140.0,noloop
4,-80.38,noloop
4,-80.66499999999999,noloop
4,-140.0,noloop
4,-115.6,noloop
4,-143.38,noloop
4,-128.945,noloop
4,-132.23,noloop
4,-138.84,noloop
4,-77.71,noloop
4,-140.0,noloop
4,-140.0,noloop
4,-148.85500000000002,noloop
4,-114.0,noloop
4,-113.84,noloop
4,-140.0,noloop
4,-140.0,noloop
4,-128.17,noloop
4,-129.195,noloop
4,-124.9,noloop
4,-140.0,noloop
4,-79.11,noloop
4,-77.96,noloop
4,-77.34,noloop
4,-73.65,noloop
4,-140.0,noloop
4,-140.0,noloop
4,-140.0,noloop
4,-140.0,noloop
4,-79.91,noloop
4,-76.28,noloop
4,-78.53,noloop
4,-115.91,noloop
4,-117.55,noloop
4,-116.335,noloop
4,-116.335,noloop
4,-140.0,noloop
4,-78.02,noloop
4,-140.0,noloop
4,-79.29,noloop
4,-80.46000000000001,noloop
4,-80.25,noloop
4,-78.48,noloop
4,-78.77,noloop
4,-79.1,noloop
4,-80.38,noloop
4,-79.925,noloop
4,-76.97,noloop
4,-79.88,noloop
4,-140.0,noloop
4,-79.165,noloop
4,-78.18,noloop
4,-75.905,noloop
4,-79.95,noloop
4,-78.3,noloop
4,-78.45,noloop
4,-77.98,noloop
4,-76.53,noloop
4,-140.0,noloop
4,-78.46,noloop
4,-78.34,noloop
4,-78.83,noloop
4,-79.805,noloop
4,-79.38,noloop
4,-77.735,noloop
4,-77.05,noloop
4,-140.0,noloop
4,-140.0,noloop
4,-80.505,noloop
4,-78.605,noloop
4,-80.49000000000001,noloop
4,-80.63,noloop
4,-78.075,noloop
4,-140.0,noloop
4,-79.44,noloop
4,-77.16,noloop
4,-140.0,noloop
4,-76.02,noloop
4,-140.0,noloop
4,-76.6,noloop
4,-69.08,noloop
4,-77.6,noloop
4,-71.41,noloop
4,-72.55,noloop
4,-77.735,noloop
4,-80.565,noloop
4,-77.375,noloop
4,-78.45,noloop
4,-80.55,noloop
4,-77.9,noloop
4,-80.385,noloop
4,-80.63,noloop
4,-79.19,noloop
4,-75.16,noloop
4,-80.41,noloop
4,-72.6,noloop
4,-80.35,noloop
4,-79.05,noloop
4,-78.63,noloop
4,-69.85,noloop
4,-79.045,noloop
4,-70.39,noloop
4,-71.88,noloop
4,-140.0,noloop
4,-140.0,noloop
4,-140.0,noloop
4,-74.275,noloop
4,-74.56,noloop
4,-72.91,noloop
4,-79.15,noloop
4,-77.38,noloop
4,-78.64,noloop
4,-79.02,noloop
4,-140.0,noloop
4,-80.71,noloop
4,-78.12,noloop
4,-79.86,noloop
4,-80.27,noloop
4,-79.76,noloop
4,-75.52,noloop
4,-79.66,noloop
4,-80.19999999999999,noloop
4,-77.41,noloop
4,-78.975,noloop
4,-79.38499999999999,noloop
4,-140.0,noloop
4,-79.005,noloop
4,-69.76,noloop
4,-78.025,noloop
4,-70.09,noloop
4,-76.91,noloop
4,-70.59,noloop
4,-77.21,noloop
4,-70.89,noloop
4,-78.7,noloop
4,-115.34,noloop
4,-123.8,noloop
4,-113.02,noloop
4,-127.525,noloop
4,-120.82,noloop
4,-116.105,noloop
4,-117.57,noloop
4,-155.85,noloop
4,-143.59,noloop
4,-114.465,noloop
4,-114.73,noloop
4,-156.0,noloop
4,-156.0,noloop
4,-156.0,noloop
4,-123.985,noloop
4,-128.61,noloop
4,-115.08,noloop
4,-152.38,noloop
4,-114.12,noloop
4,-140.0,noloop
4,-77.825,noloop
4,-116.85,noloop
4,-117.01,noloop
4,-118.91,noloop
4,-122.63,noloop
4,-136.68,noloop
4,-116.24,noloop
4,-118.605,noloop
4,-118.6,noloop
4,-112.945,noloop
4,-117.84,noloop
4,-113.65,noloop
4,-114.005,noloop
4,-113.7,noloop
4,-140.0,noloop
4,-115.31,noloop
4,-113.57,noloop
4,-113.395,noloop
4,-113.715,noloop
4,-113.34,noloop
4,-113.16,noloop
4,-114.23,noloop
4,-114.78,noloop
4,-114.43,noloop
4,-114.115,noloop
4,-116.86,noloop
4,-115.1,noloop
4,-115.59,noloop
4,-113.2,noloop
4,-113.48,noloop
4,-140.0,noloop
4,-122.73,noloop
4,-122.19,noloop
4,-127.575,noloop
4,-156.0,noloop
4,-113.595,noloop
4,-112.955,noloop
4,-132.52,noloop
4,-113.69,noloop
4,-118.52,noloop
4,-80.46,noloop
4,-77.96000000000001,noloop
4,-119.03,noloop
4,-76.92,noloop
4,-80.30000000000001,noloop
4,-113.255,noloop
4,-76.41,noloop
4,-80.8,noloop
4,-75.29,noloop
4,-75.7,noloop
4,-140.0,noloop
4,-79.73,noloop
4,-72.55,noloop
4,-65.735,noloop
4,-76.29,noloop
4,-140.0,noloop
4,-129.70499999999998,noloop
4,-77.56,noloop
4,-79.14,noloop
4,-78.23,noloop
4,-77.91,noloop
4,-74.03999999999999,noloop
4,-76.6,noloop
4,-80.35,noloop
4,-118.54,noloop
4,-120.52,noloop
4,-76.57,noloop
4,-77.79,noloop
4,-74.34,noloop
4,-77.2,noloop
4,-113.62,noloop
4,-140.0,noloop
4,-78.19999999999999,noloop
4,-119.86,noloop
4,-119.86,noloop
4,-116.92,noloop
4,-156.0,noloop
4,-140.0,noloop
4,-140.0,noloop
4,-80.78,noloop
4,-122.875,noloop
4,-123.55,noloop
4,-123.29,noloop
4,-140.52,noloop
4,-140.0,noloop
4,-114.36,noloop
4,-140.0,noloop
4,-116.39,noloop
4,-116.06,noloop
4,-122.315,noloop
4,-140.0,noloop
4,-140.0,noloop
4,-140.0,noloop
4,-140.0,noloop
4,-140.0,noloop
4,-113.79,noloop
4,-140.0,noloop
4,-140.0,noloop
4,-122.21,noloop
4,-140.0,noloop
4,-116.985,noloop
4,-140.0,noloop
4,-79.59,noloop
4,-79.66,noloop
4,-118.715,noloop
4,-118.715,noloop
4,-113.71,noloop
4,-116.66,noloop
4,-113.91,noloop
4,-140.0,noloop
4,-140.0,noloop
4,-70.97,noloop
4,-69.68,noloop
4,-67.86500000000001,noloop
4,-116.24,noloop
4,-116.22,noloop
4,-115.25,noloop
4,-140.0,noloop
4,-119.46,noloop
4,-79.59,noloop
4,-72.86,noloop
4,-66.285,noloop
4,-80.245,noloop
4,-78.935,noloop
4,-77.62,noloop
4,-140.0,noloop
4,-114.05,noloop
4,-114.66,noloop
4,-112.955,noloop
4,-140.0,noloop
4,-156.0,noloop
4,-119.75,noloop
4,-78.88,noloop
4,-80.58,noloop
4,-75.13499999999999,noloop
4,-79.54499999999999,noloop
4,-80.19,noloop
4,-77.625,noloop
4,-74.66,noloop
4,-78.91,noloop
4,-79.75,noloop
4,-79.945,noloop
4,-79.98,noloop
4,-73.05,noloop
4,-77.035,noloop
4,-78.38499999999999,noloop
4,-75.02,noloop
4,-77.175,noloop
4,-78.42500000000001,noloop
4,-80.43,noloop
4,-80.17,noloop
4,-80.37,noloop
4,-75.82,noloop
4,-78.94,noloop
4,-77.985,noloop
4,-78.75,noloop
4,-76.595,noloop
4,-78.49,noloop
4,-78.495,noloop
4,-78.77,noloop
4,-79.025,noloop
4,-79.81,noloop
4,-75.95,noloop
4,-79.0,noloop
4,-75.25,noloop
4,-79.5,noloop
4,-71.0,noloop
4,-76.81,noloop
4,-75.01,noloop
4,-80.24,noloop
4,-78.92500000000001,noloop
4,-78.965,noloop
4,-75.68,noloop
4,-77.53,noloop
4,-78.56,noloop
4,-76.705,noloop
4,-77.57,noloop
4,-79.54,noloop
4,-80.745,noloop
4,-80.73,noloop
4,-78.85,noloop
4,-78.54,noloop
4,-78.545,noloop
4,-80.46,noloop
4,-80.15,noloop
4,-80.275,noloop
4,-79.99000000000001,noloop
4,-79.21,noloop
4,-140.0,noloop
4,-140.0,noloop
4,-79.62,noloop
4,-118.95,noloop
4,-140.0,noloop
4,-140.0,noloop
4,-140.0,noloop
4,-155.52,noloop
4,-140.0,noloop
4,-113.47,noloop
4,-140.0,noloop
4,-79.74,noloop
4,-140.0,noloop
4,-140.0,noloop
4,-140.0,noloop
4,-140.0,noloop
4,-140.0,noloop
4,-140.0,noloop
4,-140.0,noloop
4,-140.0,noloop
4,-140.0,noloop
4,-120.63,noloop
4,-140.0,noloop
4,-140.0,noloop
4,-140.0,noloop
4,-119.59,noloop
4,-140.0,noloop
4,-140.0,noloop
4,-140.0,noloop
4,-140.0,noloop
4,-140.0,noloop
4,-77.83,noloop
4,-80.285,noloop
4,-140.0,noloop
4,-140.0,noloop
4,-140.0,noloop
4,-79.145,noloop
4,-140.0,noloop
4,-140.0,noloop
4,-119.13,noloop
4,-140.0,noloop
4,-140.0,noloop
4,-140.0,noloop
4,-140.0,noloop
4,-140.0,noloop
4,-140.0,noloop
4,-140.0,noloop
4,-114.81,noloop
4,-140.0,noloop
4,-140.0,noloop
4,-140.0,noloop
4,-140.0,noloop
4,-140.0,noloop
4,-140.0,noloop
4,-140.0,noloop
4,-140.0,noloop
4,-140.0,noloop
4,-140.0,noloop
4,-140.0,noloop
4,-142.235,noloop
4,-72.35,noloop
4,-79.55,noloop
4,-80.42,noloop
4,-74.84,noloop
4,-74.84,noloop
4,-71.63,noloop
4,-73.71,noloop
4,-79.42,noloop
4,-79.28,noloop
4,-80.51,noloop
4,-77.6,noloop
4,-69.84,noloop
4,-74.75,noloop
4,-75.735,noloop
4,-80.35499999999999,noloop
4,-80.32,noloop
4,-78.83500000000001,noloop
4,-140.0,noloop
4,-76.8,noloop
4,-72.17,noloop
4,-78.61,noloop
4,-75.88,noloop
4,-78.27,noloop
4,-80.595,noloop
4,-140.0,noloop
4,-140.0,noloop
4,-140.0,noloop
4,-116.5,noloop
4,-79.32,noloop
4,-140.0,noloop
4,-140.0,noloop
4,-115.33,noloop
4,-122.24,noloop
4,-118.645,noloop
4,-140.0,noloop
4,-76.96,noloop
4,-70.94,noloop
4,-80.565,noloop
4,-80.63499999999999,noloop
4,-80.3,noloop
4,-80.63,noloop
4,-77.82,noloop
4,-79.935,noloop
4,-78.95,noloop
4,-140.0,noloop
4,-72.67,noloop
4,-73.83,noloop
4,-73.08,noloop
4,-74.2,noloop
4,-73.565,noloop
4,-79.445,noloop
4,-79.97,noloop
4,-69.22,noloop
4,-68.63,noloop
4,-71.78999999999999,noloop
4,-78.405,noloop
4,-74.35,noloop
4,-70.89,noloop
4,-71.93,noloop
4,-79.07,noloop
4,-73.33,noloop
4,-71.265,noloop
4,-80.35,noloop
4,-79.215,noloop
4,-140.0,noloop
4,-140.0,noloop
4,-79.625,noloop
4,-79.73,noloop
4,-78.875,noloop
4,-140.0,noloop
4,-140.0,noloop
4,-76.73,noloop
4,-80.81,noloop
4,-140.0,noloop
4,-140.0,noloop
4,-140.0,noloop
4,-140.0,noloop
4,-140.0,noloop
4,-140.0,noloop
4,-140.0,noloop
4,-140.0,noloop
4,-140.0,noloop
4,-140.0,noloop
4,-155.98,noloop
4,-140.0,noloop
4,-79.99,noloop
4,-140.0,noloop
4,-155.8,noloop
4,-140.0,noloop
4,-77.32499999999999,noloop
4,-140.0,noloop
4,-79.405,noloop
4,-140.0,noloop
4,-140.0,noloop
4,-140.0,noloop
4,-140.0,noloop
4,-76.17,noloop
4,-80.51,noloop
4,-78.775,noloop
4,-79.0,noloop
4,-78.8,noloop
4,-77.985,noloop
4,-68.875,noloop
4,-70.305,noloop
4,-73.375,noloop
4,-74.61,noloop
4,-140.0,noloop
4,-119.445,noloop
4,-119.89,noloop
4,-140.0,noloop
4,-140.0,noloop
4,-140.0,noloop
4,-76.56,noloop
4,-77.245,noloop
4,-78.05,noloop
4,-78.33,noloop
4,-72.86500000000001,noloop
4,-71.32,noloop
4,-72.63,noloop
4,-76.96,noloop
4,-76.94,noloop
4,-75.82,noloop
4,-79.85499999999999,noloop
4,-156.0,noloop
4,-140.0,noloop
4,-75.27,noloop
4,-140.0,noloop
4,-72.63,noloop
4,-68.05,noloop
4,-71.49,noloop
4,-77.4,noloop
4,-76.71000000000001,noloop
4,-79.31,noloop
4,-72.66,noloop
4,-70.09,noloop
4,-140.0,noloop
4,-140.0,noloop
4,-140.0,noloop
4,-77.5,noloop
4,-78.905,noloop
4,-73.465,noloop
4,-72.96,noloop
4,-71.50999999999999,noloop
4,-75.6,noloop
4,-71.77,noloop
4,-61.64,noloop
4,-78.35,noloop
4,-80.345,noloop
4,-79.42,noloop
4,-78.86500000000001,noloop
4,-80.67,noloop
4,-66.91999999999999,noloop
4,-68.59,noloop
4,-78.27,noloop
4,-60.625,noloop
4,-77.82,noloop
4,-60.45,noloop
4,-79.295,noloop
4,-78.44,noloop
4,-71.44,noloop
4,-78.67500000000001,noloop
4,-80.535,noloop
4,-62.01,noloop
4,-140.0,noloop
4,-72.9,noloop
4,-65.23,noloop
4,-72.41,noloop
4,-70.28,noloop
4,-75.18,noloop
4,-64.16,noloop
4,-79.495,noloop
4,-78.95,noloop
4,-79.00999999999999,noloop
4,-140.0,noloop
4,-140.0,noloop
4,-140.0,noloop
4,-140.0,noloop
4,-140.0,noloop
4,-140.0,noloop
4,-140.0,noloop
4,-140.0,noloop
4,-140.0,noloop
4,-140.0,noloop
4,-140.0,noloop
4,-79.02,noloop
4,-140.0,noloop
4,-140.0,noloop
4,-140.0,noloop
4,-140.0,noloop
4,-140.0,noloop
4,-153.38,noloop
4,-140.0,noloop
4,-140.0,noloop
4,-140.0,noloop
4,-140.0,noloop
4,-140.0,noloop
4,-140.0,noloop
4,-80.24000000000001,noloop
4,-140.0,noloop
4,-114.09,noloop
4,-140.0,noloop
4,-140.0,noloop
4,-124.64,noloop
4,-79.525,noloop
4,-140.0,noloop
4,-140.0,noloop
4,-80.29,noloop
4,-156.0,noloop
4,-140.0,noloop
4,-113.215,noloop
4,-117.925,noloop
4,-140.0,noloop
4,-140.0,noloop
4,-140.0,noloop
4,-140.0,noloop
4,-140.0,noloop
4,-140.0,noloop
4,-140.0,noloop
4,-66.555,noloop
4,-79.62,noloop
4,-140.0,noloop
4,-140.0,noloop
4,-140.0,noloop
4,-140.0,noloop
4,-140.0,noloop
4,-140.0,noloop
4,-80.23,noloop
4,-140.0,noloop
4,-140.0,noloop
4,-77.28,noloop
4,-79.42,noloop
4,-140.0,noloop
4,-140.0,noloop
4,-77.74,noloop
4,-140.0,noloop
4,-140.0,noloop
4,-140.0,noloop
4,-140.0,noloop
4,-140.0,noloop
4,-140.0,noloop
4,-140.0,noloop
4,-140.0,noloop
4,-140.0,noloop
4,-79.37,noloop
4,-79.66499999999999,noloop
4,-140.0,noloop
4,-79.19,noloop
4,-140.0,noloop
4,-78.63,noloop
4,-79.08,noloop
4,-140.0,noloop
4,-79.475,noloop
4,-140.0,noloop
4,-140.0,noloop
4,-155.77,noloop
4,-155.89,noloop
4,-114.255,noloop
4,-140.0,noloop
4,-140.0,noloop
4,-140.0,noloop
4,-140.0,noloop
4,-140.0,noloop
4,-115.27,noloop
4,-77.44,noloop
4,-140.0,noloop
4,-78.075,noloop
4,-140.0,noloop
4,-140.0,noloop
4,-77.95,noloop
4,-116.16,noloop
4,-116.16,noloop
4,-140.0,noloop
4,-140.0,noloop
4,-117.03,noloop
4,-80.62,noloop
4,-140.0,noloop
4,-140.0,noloop
4,-79.49,noloop
4,-79.875,noloop
4,-140.0,noloop
4,-77.035,noloop
4,-140.0,noloop
4,-79.405,noloop
4,-140.0,noloop
4,-140.0,noloop
4,-140.0,noloop
4,-140.0,noloop
4,-140.0,noloop
4,-140.0,noloop
4,-140.0,noloop
4,-79.16,noloop
4,-80.21000000000001,noloop
4,-77.56,noloop
4,-140.0,noloop
4,-75.2,noloop
4,-75.21000000000001,noloop
4,-140.0,noloop
4,-75.51,noloop
4,-76.175,noloop
4,-140.0,noloop
4,-140.0,noloop
4,-80.25,noloop
4,-140.0,noloop
4,-140.0,noloop
4,-115.775,noloop
4,-140.0,noloop
4,-140.0,noloop
4,-77.2,noloop
4,-77.225,noloop
4,-124.34,noloop
4,-115.775,noloop
4,-140.0,noloop
4,-140.0,noloop
4,-140.0,noloop
4,-140.0,noloop
4,-140.0,noloop
4,-78.62,noloop
4,-76.65,noloop
4,-140.0,noloop
4,-113.91,noloop
4,-114.335,noloop
4,-140.0,noloop
4,-140.0,noloop
4,-140.0,noloop
4,-114.91,noloop
4,-79.185,noloop
4,-79.58000000000001,noloop
4,-78.715,noloop
4,-140.0,noloop
4,-140.0,noloop
4,-113.885,noloop
4,-114.415,noloop
4,-156.0,noloop
4,-112.93,noloop
4,-116.465,noloop
4,-140.0,noloop
4,-140.0,noloop
4,-79.57,noloop
4,-78.47,noloop
4,-80.32499999999999,noloop
4,-140.0,noloop
4,-140.0,noloop
4,-140.0,noloop
4,-140.0,noloop
4,-78.71000000000001,noloop
4,-79.66,noloop
4,-78.34,noloop
4,-78.79499999999999,noloop
4,-79.16,noloop
4,-79.55,noloop
4,-79.88,noloop
4,-79.95,noloop
4,-75.77,noloop
4,-78.88499999999999,noloop
4,-78.7,noloop
4,-76.745,noloop
4,-79.74,noloop
4,-76.86,noloop
4,-140.0,noloop
4,-140.0,noloop
4,-140.0,noloop
4,-140.0,noloop
4,-77.7,noloop
4,-78.8,noloop
4,-79.55,noloop
4,-79.51,noloop
4,-80.75,noloop
4,-140.0,noloop
4,-113.28,noloop
4,-140.0,noloop
4,-78.37,noloop
4,-75.57,noloop
4,-79.43,noloop
4,-79.92,noloop
4,-80.1,noloop
4,-80.36,noloop
4,-79.315,noloop
4,-79.04,noloop
4,-80.035,noloop
4,-80.45,noloop
4,-78.84,noloop
4,-80.61,noloop
4,-77.465,noloop
4,-140.0,noloop
4,-79.17500000000001,noloop
4,-140.0,noloop
4,-140.0,noloop
4,-73.98,noloop
4,-78.16,noloop
4,-76.16,noloop
4,-77.11500000000001,noloop
4,-77.11500000000001,noloop
4,-116.25,noloop
4,-140.0,noloop
4,-140.0,noloop
4,-114.38,noloop
4,-115.24,noloop
4,-117.64,noloop
4,-117.73,noloop
4,-112.98,noloop
4,-115.42,noloop
4,-119.14,noloop
4,-119.29,noloop
4,-115.745,noloop
4,-114.305,noloop
4,-114.07,noloop
4,-113.3,noloop
4,-120.59,noloop
4,-115.34,noloop
4,-114.43,noloop
4,-113.51,noloop
4,-122.02,noloop
4,-119.25,noloop
4,-120.05,noloop
4,-120.05,noloop
4,-113.36,noloop
4,-114.24,noloop
4,-114.24,noloop
4,-114.27,noloop
4,-121.13,noloop
4,-115.84,noloop
4,-115.3,noloop
4,-113.44,noloop
4,-113.34,noloop
4,-116.07,noloop
4,-113.43,noloop
4,-113.07,noloop
4,-113.07,noloop
4,-114.56,noloop
4,-113.765,noloop
4,-113.735,noloop
4,-116.87,noloop
4,-116.87,noloop
4,-115.82,noloop
4,-115.78,noloop
4,-115.6,noloop
4,-115.55,noloop
4,-114.59,noloop
4,-113.46,noloop
4,-113.46,noloop
4,-75.42,noloop
4,-140.0,noloop
4,-115.81,noloop
4,-140.0,noloop
4,-116.24,noloop
4,-116.0,noloop
4,-113.5,noloop
4,-140.0,noloop
4,-114.09,noloop
4,-117.55,noloop
4,-152.55,noloop
4,-152.55,noloop
4,-121.3,noloop
4,-120.54,noloop
4,-155.85,noloop
4,-155.85,noloop
4,-155.99,noloop
4,-113.56,noloop
4,-113.33,noloop
4,-115.51,noloop
4,-116.85,noloop
4,-140.0,noloop
4,-152.9,noloop
4,-156.0,noloop
4,-140.0,noloop
4,-140.0,noloop
4,-155.66,noloop
4,-149.05,noloop
4,-117.96,noloop
4,-144.31,noloop
4,-113.035,noloop
4,-140.0,noloop
4,-140.0,noloop
4,-156.0,noloop
4,-140.0,noloop
4,-140.0,noloop
4,-140.0,noloop
4,-123.55,noloop
4,-126.32,noloop
4,-114.24,noloop
4,-155.83,noloop
4,-116.6,noloop
4,-115.8,noloop
4,-155.85,noloop
4,-114.66,noloop
4,-115.38,noloop
4,-119.13,noloop
4,-114.66,noloop
4,-140.0,noloop
4,-115.895,noloop
4,-155.45,noloop
4,-115.62,noloop
4,-129.96,noloop
4,-123.9,noloop
4,-135.03500000000005,noloop
4,-127.345,noloop
4,-114.88,noloop
4,-122.825,noloop
4,-115.515,noloop
4,-113.11,noloop
4,-114.385,noloop
4,-122.67,noloop
4,-114.0,noloop
4,-113.91,noloop
4,-113.91,noloop
4,-119.4,noloop
4,-114.09,noloop
4,-113.535,noloop
4,-114.0,noloop
4,-113.59,noloop
4,-124.45,noloop
4,-151.485,noloop
4,-115.645,noloop
4,-116.31,noloop
4,-114.11,noloop
4,-115.685,noloop
4,-140.0,noloop
4,-113.16,noloop
4,-148.7,noloop
4,-117.53,noloop
4,-113.08,noloop
4,-114.29,noloop
4,-114.94,noloop
4,-113.83,noloop
4,-156.0,noloop
4,-140.0,noloop
4,-137.95,noloop
4,-120.41,noloop
4,-118.295,noloop
4,-115.29,noloop
4,-140.0,noloop
4,-140.0,noloop
4,-121.715,noloop
4,-113.75,noloop
4,-114.29,noloop
4,-120.23,noloop
4,-154.1,noloop
4,-113.12,noloop
4,-140.0,noloop
4,-120.655,noloop
4,-121.91,noloop
4,-124.01,noloop
4,-127.085,noloop
4,-118.48,noloop
4,-80.21,noloop
4,-71.555,noloop
4,-140.0,noloop
4,-79.19999999999999,noloop
4,-78.7,noloop
4,-80.22,noloop
4,-72.86,noloop
4,-140.0,noloop
4,-140.0,noloop
4,-78.77,noloop
4,-69.61500000000001,noloop
4,-76.12,noloop
4,-76.12,noloop
4,-79.16,noloop
4,-76.91,noloop
4,-78.53,noloop
4,-140.0,noloop
4,-140.0,noloop
4,-140.0,noloop
4,-78.85,noloop
4,-140.0,noloop
4,-80.25,noloop
4,-80.08,noloop
4,-133.55,noloop
4,-140.0,noloop
4,-140.0,noloop
4,-140.0,noloop
4,-116.88,noloop
4,-156.0,noloop
4,-114.315,noloop
4,-113.505,noloop
4,-156.0,noloop
4,-117.14,noloop
4,-140.0,noloop
4,-140.0,noloop
4,-140.0,noloop
4,-140.0,noloop
4,-77.375,noloop
4,-75.06,noloop
4,-76.24,noloop
4,-75.64,noloop
4,-140.0,noloop
4,-140.0,noloop
4,-75.83,noloop
4,-140.0,noloop
4,-155.7,noloop
4,-140.0,noloop
4,-140.0,noloop
4,-140.0,noloop
4,-140.0,noloop
4,-140.0,noloop
4,-80.57,noloop
4,-140.0,noloop
4,-140.0,noloop
4,-140.0,noloop
4,-140.0,noloop
4,-140.0,noloop
4,-140.0,noloop
4,-140.0,noloop
4,-140.0,noloop
4,-140.0,noloop
4,-140.0,noloop
4,-140.0,noloop
4,-140.0,noloop
4,-140.0,noloop
4,-140.0,noloop
4,-140.0,noloop
4,-140.0,noloop
4,-140.0,noloop
4,-140.0,noloop
4,-154.3,noloop
4,-140.0,noloop
4,-140.0,noloop
4,-140.0,noloop
4,-140.0,noloop
4,-140.0,noloop
4,-113.92,noloop
4,-113.94,noloop
4,-113.655,noloop
4,-114.92,noloop
4,-114.92,noloop
4,-114.92,noloop
4,-114.92,noloop
4,-114.01,noloop
4,-113.54,noloop
4,-115.545,noloop
4,-115.515,noloop
4,-114.31,noloop
4,-114.31,noloop
4,-113.32,noloop
4,-113.76,noloop
4,-114.2,noloop
4,-119.17,noloop
4,-114.7,noloop
4,-116.05,noloop
4,-116.05,noloop
4,-113.95,noloop
4,-113.97,noloop
4,-115.74,noloop
4,-115.78,noloop
4,-115.82,noloop
4,-115.905,noloop
4,-115.81,noloop
4,-115.755,noloop
4,-115.81,noloop
4,-113.41,noloop
4,-113.22,noloop
4,-140.0,noloop
4,-115.895,noloop
4,-118.45,noloop
4,-116.475,noloop
4,-115.82,noloop
4,-115.82,noloop
4,-116.19,noloop
4,-115.34,noloop
4,-115.29,noloop
4,-116.46,noloop
4,-116.46,noloop
4,-116.55,noloop
4,-116.55,noloop
4,-115.675,noloop
4,-113.13,noloop
4,-113.13,noloop
4,-113.13,noloop
4,-113.31,noloop
4,-116.41,noloop
4,-116.41,noloop
4,-119.29,noloop
4,-119.24,noloop
4,-117.125,noloop
4,-117.49,noloop
4,-116.4,noloop
4,-118.705,noloop
4,-119.22,noloop
4,-117.03,noloop
4,-117.04,noloop
4,-117.03,noloop
4,-117.03,noloop
4,-117.03,noloop
4,-116.955,noloop
4,-116.82,noloop
4,-116.8,noloop
4,-116.635,noloop
4,-115.945,noloop
4,-115.98,noloop
4,-115.74,noloop
4,-115.27,noloop
4,-115.27,noloop
4,-115.14,noloop
4,-113.08,noloop
4,-116.66,noloop
4,-116.66,noloop
4,-116.635,noloop
4,-116.515,noloop
4,-116.055,noloop
4,-113.13,noloop
4,-113.03,noloop
4,-116.93,noloop
4,-118.685,noloop
4,-112.885,noloop
4,-71.46,noloop
4,-140.0,noloop
4,-140.0,noloop
4,-69.85,noloop
4,-140.0,noloop
4,-140.0,noloop
4,-67.49,noloop
4,-74.2,noloop
4,-72.09,noloop
4,-75.27,noloop
4,-78.17,noloop
4,-80.48,noloop
4,-80.48,noloop
4,-79.93,noloop
4,-79.50999999999999,noloop
4,-77.07,noloop
4,-140.0,noloop
4,-140.0,noloop
4,-140.0,noloop
4,-71.175,noloop
4,-68.185,noloop
4,-62.685,noloop
4,-65.79499999999999,noloop
4,-77.02,noloop
4,-140.0,noloop
4,-80.21,noloop
4,-140.0,noloop
4,-140.0,noloop
4,-78.495,noloop
4,-140.0,noloop
4,-140.0,noloop
4,-79.66,noloop
4,-58.5,noloop
4,-75.655,noloop
4,-140.0,noloop
4,-72.75,noloop
4,-79.275,noloop
4,-80.4,noloop
4,-77.85,noloop
4,-78.68,noloop
4,-140.0,noloop
4,-140.0,noloop
4,-140.0,noloop
4,-140.0,noloop
4,-140.0,noloop
4,-140.0,noloop
4,-140.0,noloop
4,-78.94,noloop
4,-79.55,noloop
4,-79.775,noloop
4,-79.775,noloop
4,-80.14,noloop
4,-70.88,noloop
4,-70.83,noloop
4,-140.0,noloop
4,-69.7,noloop
4,-79.59,noloop
4,-73.0,noloop
4,-67.06,noloop
4,-69.785,noloop
4,-75.92,noloop
4,-140.0,noloop
4,-80.27,noloop
4,-79.8,noloop
4,-79.77,noloop
4,-80.315,noloop
4,-78.85,noloop
4,-79.8,noloop
4,-80.58,noloop
4,-64.925,noloop
4,-140.0,noloop
4,-80.71,noloop
4,-73.67,noloop
4,-134.89,noloop
4,-73.715,noloop
4,-75.905,noloop
4,-80.55,noloop
4,-75.965,noloop
4,-80.68,noloop
4,-80.5,noloop
4,-80.68,noloop
4,-75.2,noloop
4,-140.0,noloop
4,-140.0,noloop
4,-77.65,noloop
4,-77.945,noloop
4,-140.0,noloop
4,-78.655,noloop
4,-79.46,noloop
4,-79.49,noloop
4,-76.9,noloop
4,-134.505,noloop
4,-76.34,noloop
4,-75.15,noloop
4,-75.275,noloop
4,-79.70500000000001,noloop
4,-79.81,noloop
4,-79.575,noloop
4,-140.0,noloop
4,-80.07,noloop
4,-80.66,noloop
4,-156.0,noloop
4,-156.0,noloop
4,-156.0,noloop
4,-156.0,noloop
4,-140.0,noloop
4,-140.0,noloop
4,-140.0,noloop
4,-80.52,noloop
4,-140.0,noloop
4,-79.525,noloop
4,-79.28,noloop
4,-137.685,noloop
4,-80.635,noloop
4,-79.88,noloop
4,-76.47999999999999,noloop
4,-80.7,noloop
4,-80.64,noloop
4,-77.48,noloop
4,-79.88499999999999,noloop
4,-79.88499999999999,noloop
4,-80.66,noloop
4,-80.37,noloop
4,-80.27000000000001,noloop
4,-78.17,noloop
4,-80.38,noloop
4,-78.60499999999999,noloop
4,-78.49000000000001,noloop
4,-80.04,noloop
4,-77.62,noloop
4,-77.695,noloop
4,-77.5,noloop
4,-80.315,noloop
4,-79.77,noloop
4,-80.6,noloop
4,-148.13,noloop
4,-140.0,noloop
4,-79.465,noloop
4,-79.005,noloop
4,-140.0,noloop
4,-156.0,noloop
4,-130.94,noloop
4,-115.57,noloop
4,-131.10000000000002,noloop
4,-140.0,noloop
4,-113.23,noloop
4,-120.86,noloop
4,-113.975,noloop
4,-123.46,noloop
4,-114.06,noloop
4,-116.42,noloop
4,-115.11,noloop
4,-114.875,noloop
4,-116.525,noloop
4,-115.15,noloop
4,-117.03,noloop
4,-113.625,noloop
4,-140.0,noloop
4,-140.0,noloop
4,-117.035,noloop
4,-117.475,noloop
4,-140.0,noloop
4,-114.315,noloop
4,-118.645,noloop
4,-118.79,noloop
4,-118.41,noloop
4,-116.24,noloop
4,-116.33,noloop
4,-119.03,noloop
4,-119.77,noloop
4,-119.855,noloop
4,-140.0,noloop
4,-140.0,noloop
4,-140.0,noloop
4,-115.09,noloop
4,-117.855,noloop
4,-120.67,noloop
4,-115.5,noloop
4,-115.78,noloop
4,-140.0,noloop
4,-119.33,noloop
4,-140.0,noloop
4,-140.0,noloop
4,-80.61,noloop
4,-140.0,noloop
4,-140.0,noloop
4,-115.67,noloop
4,-116.98,noloop
4,-115.33,noloop
4,-117.91,noloop
4,-113.37,noloop
4,-140.0,noloop
4,-140.0,noloop
4,-140.0,noloop
4,-140.0,noloop
4,-120.375,noloop
4,-113.585,noloop
4,-113.445,noloop
4,-116.64,noloop
4,-118.95,noloop
4,-114.405,noloop
4,-140.0,noloop
4,-140.0,noloop
4,-140.0,noloop
4,-117.08,noloop
4,-116.475,noloop
4,-116.51,noloop
4,-120.32,noloop
4,-118.34,noloop
4,-71.63,noloop
4,-73.53,noloop
4,-73.0,noloop
4,-76.93,noloop
4,-140.0,noloop
4,-140.0,noloop
4,-118.4,noloop
4,-71.66499999999999,noloop
4,-78.305,noloop
4,-77.37,noloop
4,-78.97,noloop
4,-140.0,noloop
4,-67.29,noloop
4,-67.37,noloop
4,-75.11500000000001,noloop
4,-140.0,noloop
4,-80.25,noloop
4,-119.5,noloop
4,-73.4,noloop
4,-74.31,noloop
4,-77.05,noloop
4,-73.33500000000001,noloop
4,-72.22999999999999,noloop
4,-140.0,noloop
4,-116.74,noloop
4,-140.0,noloop
4,-113.73,noloop
4,-140.0,noloop
4,-140.0,noloop
4,-140.0,noloop
4,-80.655,noloop
4,-75.13,noloop
4,-79.95,noloop
4,-77.59,noloop
4,-74.34,noloop
4,-112.96,noloop
4,-80.65,noloop
4,-73.39,noloop
4,-140.0,noloop
4,-79.69,noloop
4,-74.16499999999999,noloop
4,-76.77,noloop
4,-79.09,noloop
4,-80.515,noloop
4,-140.0,noloop
4,-73.785,noloop
4,-79.145,noloop
4,-79.23,noloop
4,-76.16,noloop
4,-78.14,noloop
4,-77.12,noloop
4,-140.0,noloop
4,-78.05,noloop
4,-140.0,noloop
4,-140.0,noloop
4,-77.67,noloop
4,-79.645,noloop
4,-156.0,noloop
4,-113.31,noloop
4,-140.0,noloop
4,-156.0,noloop
4,-134.39499999999998,noloop
4,-115.91,noloop
4,-156.0,noloop
4,-78.435,noloop
4,-76.02,noloop
4,-76.82,noloop
4,-77.65,noloop
4,-77.17,noloop
4,-76.37,noloop
4,-75.58500000000001,noloop
4,-140.0,noloop
4,-80.59,noloop
4,-78.61500000000001,noloop
4,-73.24000000000001,noloop
4,-79.005,noloop
4,-80.45,noloop
4,-80.39500000000001,noloop
4,-80.39500000000001,noloop
4,-75.2,noloop
4,-80.1,noloop
4,-79.88499999999999,noloop
4,-80.58,noloop
4,-78.18,noloop
4,-80.25,noloop
4,-140.0,noloop
4,-140.0,noloop
4,-120.05,noloop
4,-134.695,noloop
4,-119.77,noloop
4,-76.48,noloop
4,-77.38499999999999,noloop
4,-140.0,noloop
4,-78.31,noloop
4,-77.83,noloop
4,-80.05,noloop
4,-72.89500000000001,noloop
4,-78.58,noloop
4,-140.0,noloop
4,-78.5,noloop
4,-76.81,noloop
4,-78.36,noloop
4,-80.55,noloop
4,-71.16,noloop
4,-77.04,noloop
4,-77.27,noloop
4,-126.585,noloop
4,-156.0,noloop
4,-140.0,noloop
4,-114.755,noloop
4,-70.69,noloop
4,-74.41499999999999,noloop
4,-79.27,noloop
4,-79.73,noloop
4,-79.73,noloop
4,-79.73,noloop
4,-74.98,noloop
4,-80.45,noloop
4,-80.47,noloop
4,-80.64,noloop
4,-140.0,noloop
4,-78.22,noloop
4,-80.76,noloop
4,-80.3,noloop
4,-140.0,noloop
4,-132.685,noloop
4,-140.0,noloop
4,-140.0,noloop
4,-78.55,noloop
4,-76.2,noloop
4,-79.78,noloop
4,-113.06,noloop
4,-127.18,noloop
4,-153.49,noloop
4,-144.35,noloop
4,-140.0,noloop
4,-114.02,noloop
4,-140.0,noloop
4,-113.855,noloop
4,-112.905,noloop
4,-114.735,noloop
4,-140.0,noloop
4,-140.0,noloop
4,-140.0,noloop
4,-78.32,noloop
4,-76.88,noloop
4,-78.77,noloop
4,-75.38,noloop
4,-79.01,noloop
4,-80.24,noloop
4,-145.72500000000002,noloop
4,-144.77499999999998,noloop
4,-122.08,noloop
4,-120.04,noloop
4,-128.65,noloop
4,-147.75,noloop
4,-116.6,noloop
4,-130.75,noloop
4,-115.77,noloop
4,-114.84,noloop
4,-135.05,noloop
4,-122.32,noloop
4,-117.295,noloop
4,-115.59,noloop
4,-115.18,noloop
4,-153.19,noloop
4,-77.79499999999999,noloop
4,-67.98,noloop
4,-75.775,noloop
4,-74.625,noloop
4,-74.625,noloop
4,-68.025,noloop
4,-140.0,noloop
4,-80.63,noloop
4,-140.0,noloop
4,-140.0,noloop
4,-140.0,noloop
4,-123.16,noloop
4,-79.52,noloop
4,-155.7,noloop
4,-76.76,noloop
4,-78.565,noloop
4,-79.49,noloop
4,-146.915,noloop
4,-140.0,noloop
4,-152.09,noloop
4,-140.0,noloop
4,-155.98,noloop
4,-113.8,noloop
4,-140.0,noloop
4,-117.75,noloop
4,-123.57,noloop
4,-140.0,noloop
4,-155.8,noloop
4,-140.0,noloop
4,-140.0,noloop
4,-140.0,noloop
4,-115.23,noloop
4,-129.77,noloop
4,-113.76,noloop
4,-140.0,noloop
4,-140.0,noloop
4,-140.0,noloop
4,-140.0,noloop
4,-140.0,noloop
4,-113.87,noloop
4,-121.26,noloop
4,-118.485,noloop
4,-117.71,noloop
4,-118.02,noloop
4,-123.705,noloop
4,-156.0,noloop
4,-140.0,noloop
4,-114.455,noloop
4,-152.87,noloop
4,-152.95,noloop
4,-140.0,noloop
4,-115.94,noloop
4,-114.61,noloop
4,-156.0,noloop
4,-140.0,noloop
4,-140.0,noloop
4,-121.61,noloop
4,-119.9,noloop
4,-115.69,noloop
4,-116.265,noloop
4,-140.0,noloop
4,-124.755,noloop
4,-155.75,noloop
4,-155.98,noloop
4,-152.04,noloop
4,-121.175,noloop
4,-120.8,noloop
4,-114.45,noloop
4,-140.0,noloop
4,-140.0,noloop
4,-140.0,noloop
4,-78.55000000000001,noloop
4,-74.59,noloop
4,-156.0,noloop
4,-140.0,noloop
4,-156.0,noloop
4,-79.94,noloop
4,-140.0,noloop
4,-140.0,noloop
4,-120.15,noloop
4,-116.76,noloop
4,-113.79,noloop
4,-117.04,noloop
4,-114.44,noloop
4,-114.44,noloop
4,-140.0,noloop
4,-78.34,noloop
4,-140.0,noloop
4,-140.0,noloop
4,-140.0,noloop
4,-140.0,noloop
4,-140.0,noloop
4,-115.4,noloop
4,-115.4,noloop
4,-113.59,noloop
4,-115.46,noloop
4,-77.17,noloop
4,-140.0,noloop
4,-116.895,noloop
4,-125.14,noloop
4,-119.27,noloop
4,-140.0,noloop
4,-126.22,noloop
4,-140.0,noloop
4,-140.0,noloop
4,-114.965,noloop
4,-80.625,noloop
4,-140.0,noloop
4,-140.0,noloop
4,-140.0,noloop
4,-140.0,noloop
4,-78.17,noloop
4,-140.0,noloop
4,-118.235,noloop
4,-140.0,noloop
4,-140.0,noloop
4,-140.0,noloop
4,-140.0,noloop
4,-140.0,noloop
4,-140.0,noloop
4,-140.0,noloop
4,-140.0,noloop
4,-140.0,noloop
4,-140.0,noloop
4,-140.0,noloop
4,-140.0,noloop
4,-140.0,noloop
4,-79.64,noloop
4,-140.0,noloop
4,-80.515,noloop
4,-140.0,noloop
4,-140.0,noloop
4,-140.0,noloop
4,-140.0,noloop
4,-140.0,noloop
4,-140.0,noloop
4,-140.0,noloop
4,-140.0,noloop
4,-140.0,noloop
4,-140.0,noloop
4,-140.0,noloop
4,-140.0,noloop
4,-140.0,noloop
4,-140.0,noloop
4,-140.0,noloop
4,-140.0,noloop
4,-140.0,noloop
4,-140.0,noloop
4,-140.0,noloop
4,-140.0,noloop
4,-140.0,noloop
4,-140.0,noloop
4,-140.0,noloop
4,-140.0,noloop
4,-130.29,noloop
4,-79.795,noloop
4,-119.535,noloop
4,-114.88,noloop
4,-114.88,noloop
4,-76.045,noloop
4,-77.08000000000001,noloop
4,-80.05,noloop
4,-140.0,noloop
4,-140.0,noloop
4,-140.0,noloop
4,-140.0,noloop
4,-122.06,noloop
4,-140.0,noloop
4,-140.0,noloop
4,-140.0,noloop
4,-140.0,noloop
4,-140.0,noloop
4,-140.0,noloop
4,-140.0,noloop
4,-140.0,noloop
4,-140.0,noloop
4,-140.0,noloop
4,-140.0,noloop
4,-140.0,noloop
4,-139.73,noloop
4,-129.65,noloop
4,-77.79499999999999,noloop
4,-140.0,noloop
4,-140.0,noloop
4,-140.0,noloop
4,-140.0,noloop
4,-125.265,noloop
4,-140.0,noloop
4,-140.0,noloop
4,-78.725,noloop
4,-78.7,noloop
4,-140.0,noloop
4,-140.0,noloop
4,-140.0,noloop
4,-140.0,noloop
4,-140.0,noloop
4,-140.0,noloop
4,-140.0,noloop
4,-140.0,noloop
4,-140.0,noloop
4,-140.0,noloop
4,-140.0,noloop
4,-140.0,noloop
4,-140.0,noloop
4,-140.0,noloop
4,-140.0,noloop
4,-140.0,noloop
4,-119.02,noloop
4,-117.655,noloop
4,-114.35,noloop
4,-140.0,noloop
4,-119.05,noloop
4,-116.325,noloop
4,-118.65,noloop
4,-114.81,noloop
4,-113.645,noloop
4,-112.925,noloop
4,-115.02,noloop
4,-140.0,noloop
4,-79.44,noloop
4,-78.16,noloop
4,-77.36,noloop
4,-76.59,noloop
4,-79.31,noloop
4,-77.26,noloop
4,-78.27,noloop
4,-78.4,noloop
4,-77.05,noloop
4,-79.88,noloop
4,-140.0,noloop
4,-76.73,noloop
4,-75.565,noloop
4,-77.45,noloop
4,-76.65,noloop
4,-140.0,noloop
4,-140.0,noloop
4,-74.4,noloop
4,-73.92,noloop
4,-75.905,noloop
4,-77.2,noloop
4,-78.45,noloop
4,-78.64,noloop
4,-78.4,noloop
4,-76.64,noloop
4,-80.28999999999999,noloop
4,-140.0,noloop
4,-140.0,noloop
4,-80.13,noloop
4,-140.0,noloop
4,-76.86,noloop
4,-74.7,noloop
4,-74.53,noloop
4,-76.135,noloop
4,-77.3,noloop
4,-78.87,noloop
4,-79.96000000000001,noloop
4,-79.53999999999999,noloop
4,-74.17,noloop
4,-73.87,noloop
4,-77.54,noloop
4,-76.61,noloop
4,-76.02,noloop
4,-75.91,noloop
4,-73.07,noloop
4,-80.515,noloop
4,-73.3,noloop
4,-74.58,noloop
4,-140.0,noloop
4,-79.86,noloop
4,-78.87,noloop
4,-77.55,noloop
4,-140.0,noloop
4,-140.0,noloop
4,-140.0,noloop
4,-79.68,noloop
4,-80.02,noloop
4,-140.0,noloop
4,-140.0,noloop
4,-140.0,noloop
4,-140.0,noloop
4,-140.0,noloop
4,-140.0,noloop
4,-140.0,noloop
4,-140.0,noloop
4,-79.38,noloop
4,-78.63,noloop
4,-77.21,noloop
4,-70.01499999999999,noloop
4,-80.01,noloop
4,-77.62,noloop
4,-79.82,noloop
4,-140.0,noloop
4,-140.0,noloop
4,-80.65,noloop
4,-79.08,noloop
4,-79.16,noloop
4,-73.04,noloop
4,-68.975,noloop
4,-78.685,noloop
4,-70.33500000000001,noloop
4,-80.305,noloop
4,-80.62,noloop
4,-140.0,noloop
4,-79.965,noloop
4,-67.95,noloop
4,-80.6,noloop
4,-79.97999999999999,noloop
4,-79.55,noloop
4,-73.43,noloop
4,-79.71000000000001,noloop
4,-71.42500000000001,noloop
4,-140.0,noloop
4,-140.0,noloop
4,-80.1,noloop
4,-77.795,noloop
4,-140.0,noloop
4,-80.695,noloop
4,-79.91,noloop
4,-79.88499999999999,noloop
4,-79.73,noloop
4,-79.35,noloop
4,-140.0,noloop
4,-74.03,noloop
4,-80.61,noloop
4,-65.79,noloop
4,-80.005,noloop
4,-61.19,noloop
4,-140.0,noloop
4,-64.73,noloop
4,-70.055,noloop
4,-80.25,noloop
4,-75.54,noloop
4,-77.63,noloop
4,-80.8,noloop
4,-71.6,noloop
4,-70.05,noloop
4,-70.715,noloop
4,-140.0,noloop
4,-140.0,noloop
4,-140.0,noloop
4,-79.64,noloop
4,-74.835,noloop
4,-78.91,noloop
4,-73.405,noloop
4,-140.0,noloop
4,-140.0,noloop
4,-140.0,noloop
4,-79.985,noloop
4,-140.0,noloop
4,-76.00999999999999,noloop
4,-67.34,noloop
4,-140.0,noloop
4,-77.86,noloop
4,-75.255,noloop
4,-140.0,noloop
4,-140.0,noloop
4,-140.0,noloop
4,-78.24,noloop
4,-78.08500000000001,noloop
4,-78.02,noloop
4,-67.79,noloop
4,-80.62,noloop
4,-78.14500000000001,noloop
4,-75.3,noloop
4,-80.23,noloop
4,-79.44,noloop
4,-79.44,noloop
4,-79.27,noloop
4,-80.505,noloop
4,-80.4,noloop
4,-79.63,noloop
4,-79.7,noloop
4,-74.36500000000001,noloop
4,-77.88,noloop
4,-79.31,noloop
4,-140.0,noloop
4,-76.2,noloop
4,-77.64,noloop
4,-140.0,noloop
4,-78.9,noloop
4,-78.92,noloop
4,-77.85,noloop
4,-76.995,noloop
4,-75.08,noloop
4,-76.37,noloop
4,-79.67,noloop
4,-78.34,noloop
4,-78.35,noloop
4,-77.16,noloop
4,-77.37,noloop
4,-79.3,noloop
4,-80.66,noloop
4,-79.45,noloop
4,-71.325,noloop
4,-79.17,noloop
4,-79.02,noloop
4,-79.11,noloop
4,-79.08,noloop
4,-78.75,noloop
4,-78.2,noloop
4,-78.35,noloop
4,-78.34,noloop
4,-76.44,noloop
4,-77.03,noloop
4,-76.97,noloop
4,-75.45,noloop
4,-77.79,noloop
4,-77.85,noloop
4,-75.985,noloop
4,-77.36,noloop
4,-78.5,noloop
4,-80.35499999999999,noloop
4,-78.5,noloop
4,-74.82,noloop
4,-79.355,noloop
4,-73.63,noloop
4,-76.81,noloop
4,-80.25,noloop
4,-80.43,noloop
4,-80.465,noloop
4,-78.49000000000001,noloop
4,-140.0,noloop
4,-78.43,noloop
4,-71.48,noloop
4,-71.0,noloop
4,-76.16,noloop
4,-79.94,noloop
4,-80.66499999999999,noloop
4,-75.81,noloop
4,-74.85499999999999,noloop
4,-79.62,noloop
4,-79.62,noloop
4,-79.62,noloop
4,-76.0,noloop
4,-78.61,noloop
4,-140.0,noloop
4,-140.0,noloop
4,-75.77,noloop
4,-76.655,noloop
4,-79.37,noloop
4,-67.615,noloop
4,-74.515,noloop
4,-140.0,noloop
4,-80.22,noloop
4,-78.75999999999999,noloop
4,-79.76,noloop
4,-80.11,noloop
4,-80.18,noloop
4,-75.59,noloop
4,-72.33,noloop
4,-77.7,noloop
4,-79.285,noloop
4,-80.11,noloop
4,-79.84,noloop
4,-64.52,noloop
4,-77.845,noloop
4,-78.25,noloop
4,-80.345,noloop
4,-67.555,noloop
4,-79.75,noloop
4,-79.715,noloop
4,-79.76,noloop
4,-73.0,noloop
4,-74.93,noloop
4,-70.2,noloop
4,-78.5,noloop
4,-77.48,noloop
4,-75.12,noloop
4,-75.11500000000001,noloop
4,-76.63499999999999,noloop
4,-78.285,noloop
4,-77.52,noloop
4,-76.8,noloop
4,-76.88,noloop
4,-79.815,noloop
4,-78.73,noloop
4,-79.42,noloop
4,-80.8,noloop
4,-76.45,noloop
4,-75.11,noloop
4,-77.24,noloop
4,-78.15,noloop
4,-77.87,noloop
4,-77.49,noloop
4,-79.76,noloop
4,-62.835,noloop
4,-62.755,noloop
4,-78.82,noloop
4,-72.025,noloop
4,-71.99,noloop
