column,rsrq,cause
1,-15.97,S1E1
1,-18.88,S1E1
1,-18.88,S1E1
1,-17.82,S1E1
1,-15.9,S1E1
1,-15.16,S1E1
1,-38.23,S1E1
1,-17.115000000000002,S1E1
1,-14.725,S1E1
1,-17.27,S1E1
1,-15.98,S1E1
1,-17.465,S1E1
1,-16.91,S1E1
1,-17.54,S1E1
1,-15.21,S1E1
1,-18.88,S1E1
1,-31.23,S1E1
1,-18.47,S1E1
1,-15.91,S1E1
1,-15.41,S1E1
2,-34.285,S1E2
2,-12.16,S1E2
2,-29.66,S1E2
2,-12.305,S1E2
2,-12.48,S1E2
2,-12.24,S1E2
2,-32.98,S1E2
2,-30.905,S1E2
2,-27.58,S1E2
2,-32.34,S1E2
2,-12.38,S1E2
2,-42.99,S1E2
2,-42.89,S1E2
2,-29.09,S1E2
2,-32.94,S1E2
2,-28.5,S1E2
2,-25.92,S1E2
2,-26.005,S1E2
2,-12.32,S1E2
2,-26.92,S1E2
2,-12.095,S1E2
2,-32.59,S1E2
2,-29.95,S1E2
2,-25.93,S1E2
2,-27.815,S1E2
2,-28.935,S1E2
2,-12.07,S1E2
2,-12.26,S1E2
2,-12.02,S1E2
2,-12.34,S1E2
2,-42.99,S1E2
2,-12.32,S1E2
2,-12.05,S1E2
2,-12.2,S1E2
2,-12.455,S1E2
2,-12.285,S1E2
2,-12.07,S1E2
2,-27.56,S1E2
2,-12.51,S1E2
2,-12.48,S1E2
2,-12.05,S1E2
2,-12.025,S1E2
3,-10.91,S1E3
3,-10.76,S1E3
3,-10.84,S1E3
3,-10.645,S1E3
3,-10.614999999999998,S1E3
3,-10.86,S1E3
3,-29.285,S1E3
3,-20.88,S1E3
3,-10.56,S1E3
3,-17.869999999999997,S1E3
3,-19.075000000000003,S1E3
3,-19.8,S1E3
3,-10.42,S1E3
3,-18.02,S1E3
3,-18.45,S1E3
3,-25.76,S1E3
3,-10.595,S1E3
3,-10.85,S1E3
3,-10.74,S1E3
3,-10.84,S1E3
3,-10.77,S1E3
3,-10.73,S1E3
3,-10.91,S1E3
3,-10.72,S1E3
3,-10.385000000000002,S1E3
3,-10.42,S1E3
3,-21.335,S1E3
3,-10.41,S1E3
3,-10.38,S1E3
3,-10.66,S1E3
3,-10.37,S1E3
3,-10.48,S1E3
3,-10.48,S1E3
3,-10.65,S1E3
3,-10.7,S1E3
3,-10.385000000000002,S1E3
3,-10.41,S1E3
3,-10.32,S1E3
3,-10.34,S1E3
3,-10.41,S1E3
3,-23.75,S1E3
3,-19.985,S1E3
3,-19.21,S1E3
3,-18.74,S1E3
3,-17.82,S1E3
3,-10.49,S1E3
3,-18.24,S1E3
3,-10.8,S1E3
3,-10.645,S1E3
3,-10.46,S1E3
3,-10.48,S1E3
3,-23.31,S1E3
3,-10.42,S1E3
3,-23.14,S1E3
3,-18.38,S1E3
3,-19.22,S1E3
3,-19.66,S1E3
3,-10.58,S1E3
3,-32.480000000000004,S1E3
3,-10.435,S1E3
3,-17.95,S1E3
3,-19.77,S1E3
3,-39.44,S1E3
3,-19.995,S1E3
3,-10.55,S1E3
3,-18.025,S1E3
3,-19.07,S1E3
3,-10.52,S1E3
3,-10.55,S1E3
3,-10.47,S1E3
3,-18.31,S1E3
3,-17.78,S1E3
3,-23.66,S1E3
3,-20.79,S1E3
3,-21.85,S1E3
3,-10.505,S1E3
3,-10.385000000000002,S1E3
3,-10.91,S1E3
3,-10.52,S1E3
3,-10.48,S1E3
3,-19.2,S1E3
3,-10.4,S1E3
3,-19.205,S1E3
3,-18.51,S1E3
3,-18.05,S1E3
3,-25.52,S1E3
3,-18.35,S1E3
3,-19.6,S1E3
3,-10.89,S1E3
3,-10.585,S1E3
3,-10.515,S1E3
3,-10.74,S1E3
3,-21.34,S1E3
3,-22.48,S1E3
3,-26.75,S1E3
3,-19.64,S1E3
3,-19.8,S1E3
3,-10.63,S1E3
3,-10.55,S1E3
3,-10.7,S1E3
3,-21.19,S1E3
3,-10.56,S1E3
3,-19.2,S1E3
3,-21.05,S1E3
3,-18.52,S1E3
3,-18.155,S1E3
3,-17.755000000000003,S1E3
3,-19.18,S1E3
3,-19.005000000000003,S1E3
3,-17.994999999999997,S1E3
3,-18.92,S1E3
3,-18.125,S1E3
3,-10.36,S1E3
3,-19.845,S1E3
3,-10.78,S1E3
3,-20.56,S1E3
3,-10.49,S1E3
3,-10.71,S1E3
3,-22.11,S1E3
3,-10.61,S1E3
3,-20.415,S1E3
3,-10.86,S1E3
3,-10.74,S1E3
3,-24.83,S1E3
3,-10.64,S1E3
3,-22.82,S1E3
3,-10.94,S1E3
3,-23.73,S1E3
3,-10.92,S1E3
3,-21.3,S1E3
3,-10.35,S1E3
3,-10.285,S1E3
3,-10.35,S1E3
3,-10.34,S1E3
3,-43.0,S1E3
3,-10.33,S1E3
3,-43.0,S1E3
3,-10.625,S1E3
3,-43.0,S1E3
3,-19.45,S1E3
3,-10.79,S1E3
3,-10.935,S1E3
3,-19.745,S1E3
3,-21.54,S1E3
3,-19.13,S1E3
3,-18.12,S1E3
3,-17.79,S1E3
3,-17.975,S1E3
3,-17.88,S1E3
3,-10.73,S1E3
3,-17.785,S1E3
3,-17.71,S1E3
4,-30.0,noloop
4,-30.0,noloop
4,-10.305,noloop
4,-10.44,noloop
4,-10.48,noloop
4,-30.0,noloop
4,-30.0,noloop
4,-30.0,noloop
4,-30.0,noloop
4,-30.0,noloop
4,-10.64,noloop
4,-21.09,noloop
4,-10.605,noloop
4,-10.44,noloop
4,-10.49,noloop
4,-30.0,noloop
4,-30.0,noloop
4,-22.52,noloop
4,-27.655,noloop
4,-10.34,noloop
4,-10.41,noloop
4,-23.955,noloop
4,-21.465,noloop
4,-24.83,noloop
4,-26.73,noloop
4,-30.0,noloop
4,-30.0,noloop
4,-10.3,noloop
4,-10.62,noloop
4,-30.0,noloop
4,-10.46,noloop
4,-10.525,noloop
4,-10.41,noloop
4,-30.0,noloop
4,-10.6,noloop
4,-10.5,noloop
4,-30.0,noloop
4,-10.57,noloop
4,-10.36,noloop
4,-30.0,noloop
4,-30.0,noloop
4,-10.33,noloop
4,-10.35,noloop
4,-10.355,noloop
4,-10.4,noloop
4,-10.445,noloop
4,-10.52,noloop
4,-41.84,noloop
4,-42.985,noloop
4,-30.0,noloop
4,-10.63,noloop
4,-10.45,noloop
4,-10.42,noloop
4,-10.39,noloop
4,-10.405,noloop
4,-10.38,noloop
4,-10.37,noloop
4,-10.38,noloop
4,-10.43,noloop
4,-10.38,noloop
4,-10.43,noloop
4,-10.4,noloop
4,-30.0,noloop
4,-10.34,noloop
4,-10.44,noloop
4,-10.52,noloop
4,-30.0,noloop
4,-10.38,noloop
4,-10.505,noloop
4,-10.63,noloop
4,-10.62,noloop
4,-30.0,noloop
4,-10.364999999999998,noloop
4,-10.42,noloop
4,-10.335,noloop
4,-10.53,noloop
4,-10.42,noloop
4,-30.0,noloop
4,-10.41,noloop
4,-10.54,noloop
4,-35.95,noloop
4,-10.64,noloop
4,-30.0,noloop
4,-10.465,noloop
4,-10.465,noloop
4,-10.45,noloop
4,-10.47,noloop
4,-10.45,noloop
4,-10.55,noloop
4,-10.58,noloop
4,-10.385,noloop
4,-30.0,noloop
4,-30.0,noloop
4,-10.47,noloop
4,-10.45,noloop
4,-10.43,noloop
4,-10.515,noloop
4,-10.59,noloop
4,-10.64,noloop
4,-30.0,noloop
4,-10.56,noloop
4,-10.57,noloop
4,-10.64,noloop
4,-10.364999999999998,noloop
4,-10.38,noloop
4,-10.59,noloop
4,-10.59,noloop
4,-31.1,noloop
4,-10.65,noloop
4,-10.64,noloop
4,-10.53,noloop
4,-30.0,noloop
4,-30.0,noloop
4,-10.56,noloop
4,-10.35,noloop
4,-10.625,noloop
4,-10.58,noloop
4,-30.0,noloop
4,-10.65,noloop
4,-10.63,noloop
4,-32.915000000000006,noloop
4,-23.55,noloop
4,-10.63,noloop
4,-10.55,noloop
4,-22.9,noloop
4,-21.49,noloop
4,-10.59,noloop
4,-10.55,noloop
4,-22.75,noloop
4,-10.42,noloop
4,-10.49,noloop
4,-10.44,noloop
4,-23.200000000000003,noloop
4,-10.59,noloop
4,-10.51,noloop
4,-21.38,noloop
4,-10.61,noloop
4,-10.5,noloop
4,-10.53,noloop
4,-21.16,noloop
4,-10.65,noloop
4,-10.49,noloop
4,-20.94,noloop
4,-10.535,noloop
4,-10.42,noloop
4,-30.0,noloop
4,-30.0,noloop
4,-30.0,noloop
4,-10.52,noloop
4,-22.18,noloop
4,-10.58,noloop
4,-10.48,noloop
4,-30.0,noloop
4,-30.0,noloop
4,-10.5,noloop
4,-24.02,noloop
4,-10.56,noloop
4,-10.505,noloop
4,-10.61,noloop
4,-10.47,noloop
4,-10.47,noloop
4,-30.0,noloop
4,-10.4,noloop
4,-10.59,noloop
4,-10.51,noloop
4,-10.59,noloop
4,-10.43,noloop
4,-10.62,noloop
4,-30.0,noloop
4,-10.62,noloop
4,-10.53,noloop
4,-21.9,noloop
4,-22.225,noloop
4,-35.27,noloop
4,-41.66,noloop
4,-30.0,noloop
4,-10.48,noloop
4,-20.98,noloop
4,-10.56,noloop
4,-10.55,noloop
4,-10.58,noloop
4,-10.485,noloop
4,-10.625,noloop
4,-10.52,noloop
4,-30.0,noloop
4,-10.52,noloop
4,-10.49,noloop
4,-10.62,noloop
4,-10.465,noloop
4,-10.65,noloop
4,-10.5,noloop
4,-30.0,noloop
4,-25.91,noloop
4,-10.475,noloop
4,-21.11,noloop
4,-10.61,noloop
4,-10.55,noloop
4,-23.49,noloop
4,-26.93,noloop
4,-29.270000000000003,noloop
4,-10.43,noloop
4,-30.0,noloop
4,-30.0,noloop
4,-10.49,noloop
4,-30.0,noloop
4,-10.55,noloop
4,-10.535,noloop
4,-10.49,noloop
4,-10.58,noloop
4,-30.0,noloop
4,-10.455,noloop
4,-30.0,noloop
4,-10.495,noloop
4,-10.54,noloop
4,-10.63,noloop
4,-10.645,noloop
4,-10.43,noloop
4,-10.61,noloop
4,-10.63,noloop
4,-10.59,noloop
4,-30.0,noloop
4,-30.0,noloop
4,-10.575,noloop
4,-10.41,noloop
4,-30.0,noloop
4,-30.0,noloop
4,-10.48,noloop
4,-30.0,noloop
4,-30.0,noloop
4,-30.0,noloop
4,-30.0,noloop
4,-10.39,noloop
4,-10.55,noloop
4,-10.52,noloop
4,-10.535,noloop
4,-30.0,noloop
4,-10.46,noloop
4,-30.0,noloop
4,-10.605,noloop
4,-21.31,noloop
4,-10.64,noloop
4,-10.5,noloop
4,-22.23,noloop
4,-10.48,noloop
4,-10.57,noloop
4,-10.56,noloop
4,-30.0,noloop
4,-23.32,noloop
4,-10.614999999999998,noloop
4,-10.55,noloop
4,-10.55,noloop
4,-10.585,noloop
4,-30.0,noloop
4,-10.63,noloop
4,-10.64,noloop
4,-30.0,noloop
4,-10.6,noloop
4,-10.61,noloop
4,-41.49,noloop
4,-30.0,noloop
4,-10.63,noloop
4,-10.64,noloop
4,-10.55,noloop
4,-10.61,noloop
4,-23.07,noloop
4,-10.63,noloop
4,-30.0,noloop
4,-24.04,noloop
4,-24.555,noloop
4,-42.91,noloop
4,-42.9,noloop
4,-23.52,noloop
4,-10.59,noloop
4,-10.645,noloop
4,-10.5,noloop
4,-10.415,noloop
4,-21.295,noloop
4,-10.6,noloop
4,-10.63,noloop
4,-10.565,noloop
4,-30.0,noloop
4,-10.535,noloop
4,-10.38,noloop
4,-43.0,noloop
4,-10.645,noloop
4,-30.0,noloop
4,-10.54,noloop
4,-10.6,noloop
4,-43.0,noloop
4,-30.0,noloop
4,-30.0,noloop
4,-10.515,noloop
4,-43.0,noloop
4,-10.52,noloop
4,-10.48,noloop
4,-10.5,noloop
4,-30.0,noloop
4,-10.63,noloop
4,-25.83,noloop
4,-25.83,noloop
4,-10.38,noloop
4,-10.46,noloop
4,-10.53,noloop
4,-10.515,noloop
4,-10.55,noloop
4,-30.0,noloop
4,-10.61,noloop
4,-22.505,noloop
4,-10.62,noloop
4,-10.55,noloop
4,-10.55,noloop
4,-30.0,noloop
4,-10.38,noloop
4,-10.58,noloop
4,-10.38,noloop
4,-30.0,noloop
4,-10.63,noloop
4,-10.555,noloop
4,-10.56,noloop
4,-10.43,noloop
4,-10.33,noloop
4,-10.57,noloop
4,-10.56,noloop
4,-10.555,noloop
4,-10.43,noloop
4,-10.43,noloop
4,-30.0,noloop
4,-10.3,noloop
4,-10.43,noloop
4,-30.0,noloop
4,-30.0,noloop
4,-30.0,noloop
4,-30.0,noloop
4,-10.5,noloop
4,-30.0,noloop
4,-10.55,noloop
4,-30.0,noloop
4,-30.0,noloop
4,-30.0,noloop
4,-10.65,noloop
4,-10.605,noloop
4,-10.46,noloop
4,-30.0,noloop
4,-10.55,noloop
4,-30.0,noloop
4,-10.56,noloop
4,-22.51,noloop
4,-30.0,noloop
4,-10.495,noloop
4,-10.45,noloop
4,-10.64,noloop
4,-30.0,noloop
4,-30.0,noloop
4,-30.0,noloop
4,-30.0,noloop
4,-30.0,noloop
4,-30.0,noloop
4,-10.57,noloop
4,-10.58,noloop
4,-10.535,noloop
4,-10.61,noloop
4,-10.58,noloop
4,-30.0,noloop
4,-10.525,noloop
4,-10.614999999999998,noloop
4,-10.56,noloop
4,-10.41,noloop
4,-10.55,noloop
4,-10.63,noloop
4,-22.175,noloop
4,-10.63,noloop
4,-10.59,noloop
4,-10.59,noloop
4,-10.45,noloop
4,-10.56,noloop
4,-10.6,noloop
4,-10.63,noloop
4,-10.61,noloop
4,-10.62,noloop
4,-10.47,noloop
4,-10.61,noloop
4,-10.63,noloop
4,-10.41,noloop
4,-10.415,noloop
4,-10.63,noloop
4,-10.38,noloop
4,-10.625,noloop
4,-10.63,noloop
4,-10.505,noloop
4,-30.0,noloop
4,-10.52,noloop
4,-10.525,noloop
4,-10.57,noloop
4,-10.43,noloop
4,-10.53,noloop
4,-10.64,noloop
4,-10.53,noloop
4,-10.53,noloop
4,-10.59,noloop
4,-30.0,noloop
4,-10.41,noloop
4,-10.605,noloop
4,-10.45,noloop
4,-10.47,noloop
4,-10.55,noloop
4,-10.62,noloop
4,-10.61,noloop
4,-10.59,noloop
4,-10.63,noloop
4,-10.58,noloop
4,-10.59,noloop
4,-30.0,noloop
4,-10.48,noloop
4,-10.45,noloop
4,-10.6,noloop
4,-10.62,noloop
4,-10.63,noloop
4,-10.63,noloop
4,-10.27,noloop
4,-10.31,noloop
4,-30.0,noloop
4,-10.3,noloop
4,-30.0,noloop
4,-10.32,noloop
4,-10.35,noloop
4,-10.26,noloop
4,-10.34,noloop
4,-10.26,noloop
4,-30.0,noloop
4,-30.0,noloop
4,-30.0,noloop
4,-10.455,noloop
4,-22.61,noloop
4,-22.61,noloop
4,-10.56,noloop
4,-30.0,noloop
4,-10.49,noloop
4,-10.58,noloop
4,-30.0,noloop
4,-10.56,noloop
4,-27.33,noloop
4,-10.65,noloop
4,-30.0,noloop
4,-10.53,noloop
4,-24.59,noloop
4,-22.815,noloop
4,-20.99,noloop
4,-22.37,noloop
4,-21.94,noloop
4,-21.63,noloop
4,-23.89,noloop
4,-10.345,noloop
4,-32.96,noloop
4,-10.45,noloop
4,-10.37,noloop
4,-10.41,noloop
4,-10.375,noloop
4,-30.0,noloop
4,-24.01,noloop
4,-30.0,noloop
4,-21.035,noloop
4,-22.08,noloop
4,-24.605,noloop
4,-24.55,noloop
4,-42.82,noloop
4,-30.0,noloop
4,-24.76,noloop
4,-26.015,noloop
4,-34.5,noloop
4,-28.55,noloop
4,-30.0,noloop
4,-32.77,noloop
4,-31.885,noloop
4,-30.0,noloop
4,-21.55,noloop
4,-30.0,noloop
4,-36.64,noloop
4,-24.12,noloop
4,-30.0,noloop
4,-20.83,noloop
4,-30.0,noloop
4,-10.595,noloop
4,-30.0,noloop
4,-20.98,noloop
4,-23.18,noloop
4,-10.3,noloop
4,-10.48,noloop
4,-10.38,noloop
4,-22.42,noloop
4,-22.77,noloop
4,-20.89,noloop
4,-22.51,noloop
4,-25.62,noloop
4,-10.585,noloop
4,-10.53,noloop
4,-10.39,noloop
4,-10.44,noloop
4,-30.0,noloop
4,-30.0,noloop
4,-30.0,noloop
4,-10.4,noloop
4,-10.47,noloop
4,-10.44,noloop
4,-10.41,noloop
4,-30.0,noloop
4,-10.63,noloop
4,-10.64,noloop
4,-33.585,noloop
4,-10.49,noloop
4,-10.485,noloop
4,-10.465,noloop
4,-21.53,noloop
4,-21.53,noloop
4,-26.28,noloop
4,-23.235,noloop
4,-23.8,noloop
4,-22.695,noloop
4,-25.76,noloop
4,-41.5,noloop
4,-41.51,noloop
4,-23.68,noloop
4,-23.68,noloop
4,-41.7,noloop
4,-10.5,noloop
4,-30.0,noloop
4,-10.63,noloop
4,-30.0,noloop
4,-10.61,noloop
4,-30.0,noloop
4,-30.0,noloop
4,-25.86,noloop
4,-25.41,noloop
4,-10.34,noloop
4,-10.34,noloop
4,-10.6,noloop
4,-30.0,noloop
4,-30.0,noloop
4,-10.52,noloop
4,-22.98,noloop
4,-22.6,noloop
4,-26.695,noloop
4,-21.49,noloop
4,-27.81,noloop
4,-31.73,noloop
4,-10.63,noloop
4,-23.0,noloop
4,-10.61,noloop
4,-21.59,noloop
4,-10.635000000000002,noloop
4,-10.48,noloop
4,-25.11,noloop
4,-10.52,noloop
4,-30.0,noloop
4,-30.0,noloop
4,-30.0,noloop
4,-25.24,noloop
4,-30.0,noloop
4,-23.63,noloop
4,-10.63,noloop
4,-10.595,noloop
4,-10.585,noloop
4,-10.56,noloop
4,-10.48,noloop
4,-10.51,noloop
4,-10.48,noloop
4,-10.45,noloop
4,-10.495,noloop
4,-10.36,noloop
4,-10.49,noloop
4,-10.455,noloop
4,-10.42,noloop
4,-30.0,noloop
4,-10.65,noloop
4,-10.37,noloop
4,-10.29,noloop
4,-10.31,noloop
4,-10.37,noloop
4,-10.33,noloop
4,-10.45,noloop
4,-10.455,noloop
4,-10.44,noloop
4,-10.53,noloop
4,-10.36,noloop
4,-10.46,noloop
4,-30.0,noloop
4,-10.6,noloop
4,-30.0,noloop
4,-10.63,noloop
4,-10.56,noloop
4,-30.0,noloop
4,-10.54,noloop
4,-30.0,noloop
4,-10.59,noloop
4,-10.59,noloop
4,-21.285,noloop
4,-10.52,noloop
4,-10.55,noloop
4,-10.63,noloop
4,-10.38,noloop
4,-30.0,noloop
4,-30.0,noloop
4,-10.585,noloop
4,-10.52,noloop
4,-10.55,noloop
4,-10.56,noloop
4,-30.0,noloop
4,-10.505,noloop
4,-10.52,noloop
4,-30.0,noloop
4,-10.63,noloop
4,-10.64,noloop
4,-30.0,noloop
4,-30.0,noloop
4,-10.46,noloop
4,-10.43,noloop
4,-10.49,noloop
4,-30.0,noloop
4,-30.0,noloop
4,-10.57,noloop
4,-10.48,noloop
4,-30.0,noloop
4,-30.0,noloop
4,-10.325,noloop
4,-10.34,noloop
4,-30.0,noloop
4,-10.51,noloop
4,-10.24,noloop
4,-42.84,noloop
4,-10.31,noloop
4,-30.0,noloop
4,-10.39,noloop
4,-10.36,noloop
4,-30.0,noloop
4,-10.45,noloop
4,-10.56,noloop
4,-10.41,noloop
4,-10.17,noloop
4,-10.44,noloop
4,-10.445,noloop
4,-30.0,noloop
4,-30.0,noloop
4,-30.0,noloop
4,-10.27,noloop
4,-23.2,noloop
4,-30.0,noloop
4,-30.0,noloop
4,-10.47,noloop
4,-30.0,noloop
4,-10.38,noloop
4,-10.45,noloop
4,-21.4,noloop
4,-10.48,noloop
4,-10.45,noloop
4,-43.0,noloop
4,-10.48,noloop
4,-30.0,noloop
4,-25.83,noloop
4,-30.0,noloop
4,-30.0,noloop
4,-10.4,noloop
4,-30.0,noloop
4,-30.0,noloop
4,-10.43,noloop
4,-30.0,noloop
4,-30.0,noloop
4,-10.47,noloop
4,-26.12,noloop
4,-10.54,noloop
4,-30.0,noloop
4,-30.0,noloop
4,-10.63,noloop
4,-30.0,noloop
4,-10.415,noloop
4,-10.26,noloop
4,-10.405,noloop
4,-30.0,noloop
4,-10.415,noloop
4,-30.0,noloop
4,-10.355,noloop
4,-10.35,noloop
4,-10.3,noloop
4,-30.0,noloop
4,-30.0,noloop
4,-30.0,noloop
4,-10.35,noloop
4,-30.0,noloop
4,-10.3,noloop
4,-22.22,noloop
4,-10.305,noloop
4,-30.0,noloop
4,-10.56,noloop
4,-30.0,noloop
4,-10.52,noloop
4,-30.0,noloop
4,-30.0,noloop
4,-30.0,noloop
4,-30.0,noloop
4,-10.38,noloop
4,-10.6,noloop
4,-30.0,noloop
4,-10.37,noloop
4,-30.0,noloop
4,-10.47,noloop
4,-10.635000000000002,noloop
4,-30.0,noloop
4,-10.375,noloop
4,-30.0,noloop
4,-30.0,noloop
4,-30.0,noloop
4,-30.0,noloop
4,-10.38,noloop
4,-30.0,noloop
4,-23.16,noloop
4,-10.37,noloop
4,-30.0,noloop
4,-10.49,noloop
4,-30.0,noloop
4,-21.66,noloop
4,-30.0,noloop
4,-30.0,noloop
4,-10.34,noloop
4,-24.83,noloop
4,-10.52,noloop
4,-30.0,noloop
4,-25.65,noloop
4,-10.34,noloop
4,-10.395,noloop
4,-30.0,noloop
4,-28.98,noloop
4,-30.0,noloop
4,-30.0,noloop
4,-10.3,noloop
4,-30.0,noloop
4,-30.0,noloop
4,-30.0,noloop
4,-30.0,noloop
4,-23.93,noloop
4,-30.0,noloop
4,-30.0,noloop
4,-10.43,noloop
4,-30.0,noloop
4,-10.26,noloop
4,-30.0,noloop
4,-28.785,noloop
4,-10.46,noloop
4,-30.0,noloop
4,-10.49,noloop
4,-30.0,noloop
4,-30.0,noloop
4,-30.0,noloop
4,-10.445,noloop
4,-30.0,noloop
4,-10.44,noloop
4,-30.0,noloop
4,-10.59,noloop
4,-30.0,noloop
4,-22.64,noloop
4,-30.0,noloop
4,-30.0,noloop
4,-22.105,noloop
4,-10.49,noloop
4,-30.0,noloop
4,-23.535,noloop
4,-10.485,noloop
4,-42.97,noloop
4,-30.0,noloop
4,-30.0,noloop
4,-23.56,noloop
4,-10.47,noloop
4,-21.53,noloop
4,-10.32,noloop
4,-38.09,noloop
4,-10.535,noloop
4,-10.34,noloop
4,-30.0,noloop
4,-30.0,noloop
4,-30.0,noloop
4,-21.175,noloop
4,-30.0,noloop
4,-30.0,noloop
4,-10.51,noloop
4,-30.0,noloop
4,-30.34,noloop
4,-10.43,noloop
4,-30.0,noloop
4,-10.475,noloop
4,-10.63,noloop
4,-30.0,noloop
4,-30.0,noloop
4,-10.27,noloop
4,-30.0,noloop
4,-10.33,noloop
4,-30.0,noloop
4,-10.64,noloop
4,-30.0,noloop
4,-10.535,noloop
4,-30.0,noloop
4,-26.15,noloop
4,-10.485,noloop
4,-30.0,noloop
4,-10.45,noloop
4,-30.0,noloop
4,-30.0,noloop
4,-23.835,noloop
4,-30.0,noloop
4,-30.0,noloop
4,-10.38,noloop
4,-42.465,noloop
4,-10.36,noloop
4,-30.0,noloop
4,-30.65,noloop
4,-10.37,noloop
4,-30.0,noloop
4,-10.34,noloop
4,-30.0,noloop
4,-30.0,noloop
4,-10.37,noloop
4,-30.0,noloop
4,-10.4,noloop
4,-30.0,noloop
4,-10.32,noloop
4,-30.0,noloop
4,-30.0,noloop
4,-10.48,noloop
4,-30.0,noloop
4,-10.41,noloop
4,-30.0,noloop
4,-10.41,noloop
4,-29.03,noloop
4,-10.34,noloop
4,-43.0,noloop
4,-10.41,noloop
4,-21.81,noloop
4,-31.78,noloop
4,-36.595,noloop
4,-38.08,noloop
4,-10.41,noloop
4,-30.0,noloop
4,-10.53,noloop
4,-30.0,noloop
4,-21.225,noloop
4,-30.0,noloop
4,-30.0,noloop
4,-10.62,noloop
4,-30.0,noloop
4,-10.475,noloop
4,-30.0,noloop
4,-10.435,noloop
4,-33.95,noloop
4,-30.0,noloop
4,-21.45,noloop
4,-10.42,noloop
4,-10.35,noloop
4,-10.38,noloop
4,-30.0,noloop
4,-30.0,noloop
4,-10.3,noloop
4,-30.0,noloop
4,-26.2,noloop
4,-10.38,noloop
4,-30.0,noloop
4,-30.0,noloop
4,-30.0,noloop
4,-10.46,noloop
4,-30.0,noloop
4,-22.835,noloop
4,-30.0,noloop
4,-30.0,noloop
4,-10.4,noloop
4,-10.4,noloop
4,-30.0,noloop
4,-30.0,noloop
4,-30.0,noloop
4,-30.0,noloop
4,-10.38,noloop
4,-10.38,noloop
4,-30.0,noloop
4,-30.0,noloop
4,-10.36,noloop
4,-30.0,noloop
4,-30.0,noloop
4,-27.18,noloop
4,-10.27,noloop
4,-30.0,noloop
4,-26.695,noloop
4,-30.0,noloop
4,-30.0,noloop
4,-30.0,noloop
4,-30.0,noloop
4,-10.52,noloop
4,-30.0,noloop
4,-30.0,noloop
4,-21.27,noloop
4,-30.0,noloop
4,-30.0,noloop
4,-30.0,noloop
4,-30.0,noloop
4,-10.39,noloop
4,-22.09,noloop
4,-10.41,noloop
4,-30.0,noloop
4,-30.0,noloop
4,-10.4,noloop
4,-29.63,noloop
4,-10.38,noloop
4,-30.0,noloop
4,-30.0,noloop
4,-30.0,noloop
4,-30.0,noloop
4,-30.0,noloop
4,-30.0,noloop
4,-30.0,noloop
4,-25.3,noloop
4,-30.0,noloop
4,-30.0,noloop
4,-10.36,noloop
4,-30.0,noloop
4,-10.39,noloop
4,-30.0,noloop
4,-21.59,noloop
4,-30.0,noloop
4,-30.0,noloop
4,-30.0,noloop
4,-30.0,noloop
4,-30.0,noloop
4,-30.0,noloop
4,-30.0,noloop
4,-30.0,noloop
4,-10.55,noloop
4,-30.0,noloop
4,-23.005,noloop
4,-10.595,noloop
4,-21.36,noloop
4,-10.455,noloop
4,-30.0,noloop
4,-10.28,noloop
4,-30.0,noloop
4,-30.0,noloop
4,-30.0,noloop
4,-30.0,noloop
4,-10.44,noloop
4,-10.455,noloop
4,-30.0,noloop
4,-30.0,noloop
4,-30.0,noloop
4,-10.55,noloop
4,-30.0,noloop
4,-10.34,noloop
4,-30.0,noloop
4,-10.55,noloop
4,-30.0,noloop
4,-10.53,noloop
4,-30.0,noloop
4,-26.58,noloop
4,-10.34,noloop
4,-30.0,noloop
4,-30.0,noloop
4,-10.46,noloop
4,-30.0,noloop
4,-30.0,noloop
4,-30.0,noloop
4,-30.0,noloop
4,-30.0,noloop
4,-10.41,noloop
4,-22.27,noloop
4,-22.92,noloop
4,-10.525,noloop
4,-30.0,noloop
4,-10.4,noloop
4,-10.3,noloop
4,-30.0,noloop
4,-10.59,noloop
4,-30.0,noloop
4,-30.0,noloop
4,-10.55,noloop
4,-30.0,noloop
4,-10.62,noloop
4,-30.0,noloop
4,-30.0,noloop
4,-30.0,noloop
4,-22.745,noloop
4,-30.0,noloop
4,-30.0,noloop
4,-10.46,noloop
4,-10.46,noloop
4,-10.55,noloop
4,-30.0,noloop
4,-30.0,noloop
4,-30.0,noloop
4,-10.46,noloop
4,-30.0,noloop
4,-30.0,noloop
4,-10.55,noloop
4,-28.77,noloop
4,-10.45,noloop
4,-10.47,noloop
4,-30.0,noloop
4,-30.0,noloop
4,-30.0,noloop
4,-30.0,noloop
4,-30.0,noloop
4,-23.59,noloop
4,-30.0,noloop
4,-30.0,noloop
4,-30.0,noloop
4,-30.0,noloop
4,-10.39,noloop
4,-10.38,noloop
4,-30.0,noloop
4,-30.0,noloop
4,-10.485,noloop
4,-30.0,noloop
4,-30.0,noloop
4,-30.0,noloop
4,-30.0,noloop
4,-22.0,noloop
4,-21.995,noloop
4,-10.48,noloop
4,-10.59,noloop
4,-30.0,noloop
4,-43.0,noloop
4,-43.0,noloop
4,-30.0,noloop
4,-10.63,noloop
4,-10.355,noloop
4,-10.35,noloop
4,-10.485,noloop
4,-21.505,noloop
4,-21.03,noloop
4,-22.92,noloop
4,-10.475,noloop
4,-10.445,noloop
4,-10.57,noloop
4,-10.655,noloop
4,-10.54,noloop
4,-33.145,noloop
4,-32.145,noloop
4,-10.625,noloop
4,-30.0,noloop
4,-30.0,noloop
4,-30.0,noloop
4,-30.0,noloop
4,-30.0,noloop
4,-10.6,noloop
4,-10.52,noloop
4,-28.77,noloop
4,-30.0,noloop
4,-30.0,noloop
4,-30.0,noloop
4,-30.0,noloop
4,-30.0,noloop
4,-34.230000000000004,noloop
4,-36.18,noloop
4,-30.0,noloop
4,-10.27,noloop
4,-30.0,noloop
4,-10.33,noloop
4,-10.39,noloop
4,-10.37,noloop
4,-30.0,noloop
4,-30.0,noloop
4,-10.54,noloop
4,-30.0,noloop
4,-30.0,noloop
4,-10.41,noloop
4,-10.54,noloop
4,-10.34,noloop
4,-10.41,noloop
4,-10.48,noloop
4,-10.64,noloop
4,-10.64,noloop
4,-10.41,noloop
4,-30.0,noloop
4,-10.41,noloop
4,-10.56,noloop
4,-10.38,noloop
4,-10.475,noloop
4,-10.49,noloop
4,-30.0,noloop
4,-10.47,noloop
4,-10.4,noloop
4,-10.45,noloop
4,-10.54,noloop
4,-10.57,noloop
4,-10.5,noloop
4,-30.0,noloop
4,-10.53,noloop
4,-10.5,noloop
4,-10.28,noloop
4,-10.33,noloop
4,-10.27,noloop
4,-30.0,noloop
4,-30.0,noloop
4,-10.38,noloop
4,-10.28,noloop
4,-10.29,noloop
4,-30.0,noloop
4,-10.38,noloop
4,-30.0,noloop
4,-10.475,noloop
4,-10.635000000000002,noloop
4,-30.0,noloop
4,-10.405,noloop
4,-30.0,noloop
4,-30.0,noloop
4,-10.355,noloop
4,-10.415,noloop
4,-30.0,noloop
4,-10.39,noloop
4,-30.0,noloop
4,-10.25,noloop
4,-10.48,noloop
4,-10.27,noloop
4,-10.305,noloop
4,-10.56,noloop
4,-10.49,noloop
4,-10.55,noloop
4,-30.0,noloop
4,-30.0,noloop
4,-10.64,noloop
4,-10.64,noloop
4,-10.62,noloop
4,-27.91,noloop
4,-30.0,noloop
4,-23.81,noloop
4,-23.695,noloop
4,-21.255,noloop
4,-20.98,noloop
4,-31.475,noloop
4,-26.77,noloop
4,-22.17,noloop
4,-22.08,noloop
4,-21.99,noloop
4,-21.6,noloop
4,-10.45,noloop
4,-10.36,noloop
4,-10.46,noloop
4,-30.0,noloop
4,-10.39,noloop
4,-30.0,noloop
4,-20.84,noloop
4,-30.0,noloop
4,-22.2,noloop
4,-32.31,noloop
4,-30.59,noloop
4,-29.380000000000003,noloop
4,-30.0,noloop
4,-25.47,noloop
4,-10.38,noloop
4,-30.0,noloop
4,-30.0,noloop
4,-30.0,noloop
4,-30.0,noloop
4,-10.38,noloop
4,-30.0,noloop
4,-10.285,noloop
4,-30.0,noloop
4,-30.0,noloop
4,-38.06,noloop
4,-10.38,noloop
4,-10.42,noloop
4,-10.47,noloop
4,-30.0,noloop
4,-21.11,noloop
4,-10.65,noloop
4,-26.98,noloop
4,-22.93,noloop
4,-10.48,noloop
4,-21.95,noloop
4,-24.245,noloop
4,-27.15,noloop
4,-23.725,noloop
4,-10.51,noloop
4,-10.54,noloop
4,-38.8,noloop
4,-10.605,noloop
4,-30.0,noloop
4,-27.52,noloop
4,-22.1,noloop
4,-29.965,noloop
4,-10.61,noloop
4,-30.0,noloop
4,-10.42,noloop
4,-10.5,noloop
4,-10.385000000000002,noloop
4,-10.51,noloop
4,-10.32,noloop
4,-30.0,noloop
4,-10.38,noloop
4,-10.65,noloop
4,-10.4,noloop
4,-10.41,noloop
4,-10.59,noloop
4,-10.38,noloop
4,-10.61,noloop
4,-10.49,noloop
4,-21.65,noloop
4,-30.0,noloop
4,-30.0,noloop
4,-30.0,noloop
4,-30.0,noloop
4,-25.31,noloop
4,-30.0,noloop
4,-30.0,noloop
4,-30.0,noloop
4,-30.0,noloop
4,-30.0,noloop
4,-30.0,noloop
4,-30.0,noloop
4,-30.0,noloop
4,-30.0,noloop
4,-10.32,noloop
4,-10.28,noloop
4,-10.31,noloop
4,-10.29,noloop
4,-10.59,noloop
4,-30.0,noloop
4,-10.55,noloop
4,-10.64,noloop
4,-30.0,noloop
4,-10.41,noloop
4,-10.34,noloop
4,-30.0,noloop
4,-30.0,noloop
4,-30.0,noloop
4,-30.0,noloop
4,-30.0,noloop
4,-10.34,noloop
4,-30.0,noloop
4,-30.0,noloop
4,-30.0,noloop
4,-10.41,noloop
4,-30.0,noloop
4,-30.0,noloop
4,-10.32,noloop
4,-30.0,noloop
4,-30.0,noloop
4,-10.36,noloop
4,-30.0,noloop
4,-30.0,noloop
4,-30.0,noloop
4,-10.56,noloop
4,-30.0,noloop
4,-43.0,noloop
4,-10.52,noloop
4,-30.0,noloop
4,-30.0,noloop
4,-30.0,noloop
4,-30.0,noloop
4,-30.0,noloop
4,-10.45,noloop
4,-30.0,noloop
4,-30.0,noloop
4,-30.0,noloop
4,-10.58,noloop
4,-10.46,noloop
4,-10.435,noloop
4,-10.41,noloop
4,-10.56,noloop
4,-30.0,noloop
4,-43.0,noloop
4,-43.0,noloop
4,-43.0,noloop
4,-43.0,noloop
4,-43.0,noloop
4,-10.49,noloop
4,-10.63,noloop
4,-30.0,noloop
4,-21.91,noloop
4,-21.25,noloop
4,-21.36,noloop
4,-21.66,noloop
4,-10.565,noloop
4,-10.29,noloop
4,-30.0,noloop
4,-21.115,noloop
4,-20.92,noloop
4,-30.0,noloop
4,-30.0,noloop
4,-30.0,noloop
4,-30.0,noloop
4,-21.05,noloop
4,-23.415,noloop
4,-30.0,noloop
4,-10.41,noloop
4,-10.36,noloop
4,-30.0,noloop
4,-30.0,noloop
4,-10.38,noloop
4,-10.43,noloop
4,-10.38,noloop
4,-10.37,noloop
4,-10.41,noloop
4,-10.37,noloop
4,-10.32,noloop
4,-10.31,noloop
4,-10.39,noloop
4,-10.58,noloop
4,-10.525,noloop
4,-10.57,noloop
4,-10.42,noloop
4,-10.6,noloop
4,-30.0,noloop
4,-10.55,noloop
4,-24.75,noloop
4,-23.76,noloop
4,-23.41,noloop
4,-30.0,noloop
4,-30.0,noloop
4,-30.0,noloop
4,-30.0,noloop
4,-30.0,noloop
4,-30.0,noloop
4,-30.0,noloop
4,-10.55,noloop
4,-21.42,noloop
4,-20.88,noloop
4,-22.46,noloop
4,-24.435,noloop
4,-10.645,noloop
4,-30.0,noloop
4,-10.63,noloop
4,-10.45,noloop
4,-10.63,noloop
4,-10.32,noloop
4,-10.57,noloop
4,-10.31,noloop
4,-25.45,noloop
4,-10.58,noloop
4,-34.93,noloop
4,-21.33,noloop
4,-22.18,noloop
4,-10.45,noloop
4,-30.0,noloop
4,-10.46,noloop
4,-10.58,noloop
4,-30.0,noloop
4,-10.51,noloop
4,-30.0,noloop
4,-10.525,noloop
4,-30.0,noloop
4,-30.0,noloop
4,-22.39,noloop
4,-10.42,noloop
4,-20.88,noloop
4,-10.34,noloop
4,-10.49,noloop
4,-30.0,noloop
4,-10.38,noloop
4,-10.36,noloop
4,-21.33,noloop
4,-36.17,noloop
4,-24.94,noloop
4,-30.0,noloop
4,-10.58,noloop
4,-30.0,noloop
4,-30.0,noloop
4,-10.53,noloop
4,-10.51,noloop
4,-30.0,noloop
4,-10.505,noloop
4,-30.0,noloop
4,-10.57,noloop
4,-10.56,noloop
4,-30.0,noloop
4,-10.51,noloop
4,-10.43,noloop
4,-30.0,noloop
4,-10.52,noloop
4,-10.61,noloop
4,-30.0,noloop
4,-10.41,noloop
4,-10.56,noloop
4,-30.0,noloop
4,-30.0,noloop
4,-10.45,noloop
4,-10.55,noloop
4,-10.61,noloop
4,-10.63,noloop
4,-30.0,noloop
4,-10.63,noloop
4,-10.53,noloop
4,-10.53,noloop
4,-10.47,noloop
4,-30.0,noloop
4,-10.44,noloop
4,-30.0,noloop
4,-10.62,noloop
4,-10.58,noloop
4,-30.0,noloop
4,-10.59,noloop
4,-30.0,noloop
4,-10.6,noloop
4,-10.595,noloop
4,-30.0,noloop
4,-10.53,noloop
4,-10.52,noloop
4,-10.53,noloop
4,-10.635000000000002,noloop
4,-30.0,noloop
4,-10.6,noloop
4,-10.48,noloop
4,-30.0,noloop
4,-30.0,noloop
4,-10.49,noloop
4,-30.0,noloop
4,-30.0,noloop
4,-10.57,noloop
4,-10.62,noloop
4,-10.53,noloop
4,-21.895,noloop
4,-21.85,noloop
4,-22.36,noloop
4,-10.55,noloop
4,-10.48,noloop
4,-10.46,noloop
4,-10.605,noloop
4,-30.0,noloop
4,-10.39,noloop
4,-27.965,noloop
4,-28.3,noloop
4,-28.145,noloop
4,-27.965,noloop
4,-10.42,noloop
4,-10.63,noloop
4,-30.0,noloop
4,-10.38,noloop
4,-10.3,noloop
4,-10.48,noloop
4,-10.35,noloop
4,-30.0,noloop
4,-10.4,noloop
4,-10.505,noloop
4,-10.55,noloop
4,-10.4,noloop
4,-42.905,noloop
4,-10.52,noloop
4,-10.45,noloop
4,-10.45,noloop
4,-25.855,noloop
4,-42.66,noloop
4,-10.51,noloop
4,-10.6,noloop
4,-32.95,noloop
4,-30.0,noloop
4,-10.55,noloop
4,-30.0,noloop
4,-10.64,noloop
4,-10.41,noloop
4,-10.54,noloop
4,-10.34,noloop
4,-10.415,noloop
4,-10.31,noloop
4,-10.51,noloop
4,-10.47,noloop
4,-10.54,noloop
4,-10.55,noloop
4,-10.6,noloop
4,-30.0,noloop
4,-30.0,noloop
4,-30.0,noloop
4,-30.0,noloop
4,-10.42,noloop
4,-10.55,noloop
4,-30.0,noloop
4,-30.0,noloop
4,-30.0,noloop
4,-24.67,noloop
4,-10.45,noloop
4,-10.58,noloop
4,-10.54,noloop
4,-30.0,noloop
4,-10.41,noloop
4,-30.0,noloop
4,-10.55,noloop
4,-30.0,noloop
4,-10.58,noloop
4,-10.44,noloop
4,-10.485,noloop
4,-30.0,noloop
4,-10.61,noloop
4,-10.57,noloop
4,-30.0,noloop
4,-10.58,noloop
4,-30.0,noloop
4,-10.425,noloop
4,-30.0,noloop
4,-10.385000000000002,noloop
4,-10.41,noloop
4,-10.395,noloop
4,-10.55,noloop
4,-10.57,noloop
4,-30.0,noloop
4,-10.23,noloop
4,-10.605,noloop
4,-30.0,noloop
4,-10.35,noloop
4,-10.62,noloop
4,-10.38,noloop
4,-10.45,noloop
4,-10.48,noloop
4,-10.46,noloop
4,-10.52,noloop
4,-10.56,noloop
4,-10.63,noloop
4,-30.0,noloop
4,-10.63,noloop
4,-28.55,noloop
4,-25.72,noloop
4,-10.53,noloop
4,-10.54,noloop
4,-22.63,noloop
4,-10.26,noloop
4,-10.54,noloop
4,-30.0,noloop
4,-30.0,noloop
4,-10.38,noloop
4,-10.54,noloop
4,-10.47,noloop
4,-10.41,noloop
4,-10.22,noloop
4,-10.32,noloop
4,-10.55,noloop
4,-10.55,noloop
4,-21.71,noloop
4,-10.63,noloop
4,-10.55,noloop
4,-22.275,noloop
4,-21.84,noloop
4,-21.84,noloop
4,-10.59,noloop
4,-30.0,noloop
4,-10.48,noloop
4,-10.4,noloop
4,-30.0,noloop
4,-30.0,noloop
4,-30.0,noloop
4,-24.32,noloop
4,-23.03,noloop
4,-30.0,noloop
4,-10.46,noloop
4,-10.6,noloop
4,-10.52,noloop
4,-10.48,noloop
4,-10.45,noloop
4,-10.37,noloop
4,-10.47,noloop
4,-10.58,noloop
4,-10.38,noloop
4,-10.4,noloop
4,-10.45,noloop
4,-10.4,noloop
4,-10.48,noloop
4,-10.38,noloop
4,-10.48,noloop
4,-28.55,noloop
4,-10.47,noloop
4,-10.39,noloop
4,-10.45,noloop
4,-10.55,noloop
4,-30.0,noloop
4,-30.0,noloop
4,-30.0,noloop
4,-30.0,noloop
4,-30.0,noloop
4,-30.0,noloop
4,-30.0,noloop
4,-10.5,noloop
4,-10.62,noloop
4,-10.2,noloop
4,-30.0,noloop
4,-22.745,noloop
4,-10.63,noloop
4,-10.58,noloop
4,-10.62,noloop
4,-10.655,noloop
4,-10.58,noloop
4,-10.565,noloop
4,-10.63,noloop
4,-21.78,noloop
4,-41.6,noloop
4,-30.0,noloop
4,-21.515,noloop
4,-30.0,noloop
4,-30.0,noloop
4,-30.0,noloop
4,-28.29,noloop
4,-22.05,noloop
4,-10.54,noloop
4,-25.91,noloop
4,-10.6,noloop
4,-30.0,noloop
4,-30.0,noloop
4,-10.58,noloop
4,-30.0,noloop
4,-23.73,noloop
4,-22.16,noloop
4,-30.0,noloop
4,-30.0,noloop
4,-30.0,noloop
4,-10.405,noloop
4,-10.35,noloop
4,-10.32,noloop
4,-10.29,noloop
4,-10.37,noloop
4,-10.3,noloop
4,-10.37,noloop
4,-10.345,noloop
4,-10.34,noloop
4,-10.13,noloop
4,-10.16,noloop
4,-10.33,noloop
4,-10.35,noloop
4,-10.36,noloop
4,-10.38,noloop
4,-10.43,noloop
4,-10.35,noloop
4,-10.29,noloop
4,-10.42,noloop
4,-30.0,noloop
4,-10.565,noloop
4,-30.0,noloop
4,-21.645,noloop
4,-10.56,noloop
4,-10.63,noloop
4,-30.0,noloop
4,-30.0,noloop
4,-10.54,noloop
4,-10.53,noloop
4,-10.53,noloop
4,-10.55,noloop
4,-10.48,noloop
4,-10.5,noloop
4,-10.41,noloop
4,-30.0,noloop
4,-30.0,noloop
4,-25.24,noloop
4,-10.515,noloop
4,-10.395,noloop
4,-10.335,noloop
4,-30.0,noloop
4,-10.26,noloop
4,-21.81,noloop
4,-10.59,noloop
4,-10.48,noloop
4,-10.37,noloop
4,-10.455,noloop
4,-10.48,noloop
4,-10.34,noloop
4,-10.495,noloop
4,-10.38,noloop
4,-10.29,noloop
4,-10.415,noloop
4,-10.35,noloop
4,-10.3,noloop
4,-30.0,noloop
4,-30.0,noloop
4,-30.0,noloop
4,-30.0,noloop
4,-30.0,noloop
4,-10.56,noloop
4,-23.27,noloop
4,-30.0,noloop
4,-30.0,noloop
4,-41.86,noloop
4,-21.58,noloop
4,-30.0,noloop
4,-30.0,noloop
4,-30.0,noloop
4,-10.19,noloop
4,-30.0,noloop
4,-30.0,noloop
4,-10.23,noloop
4,-10.3,noloop
4,-30.0,noloop
4,-30.0,noloop
4,-10.3,noloop
4,-10.34,noloop
4,-20.83,noloop
4,-10.36,noloop
4,-30.0,noloop
4,-23.98,noloop
4,-10.405,noloop
4,-10.3,noloop
4,-30.0,noloop
4,-30.0,noloop
4,-31.99,noloop
4,-10.3,noloop
4,-10.36,noloop
4,-30.0,noloop
4,-30.0,noloop
4,-10.55,noloop
4,-10.34,noloop
4,-30.0,noloop
4,-10.3,noloop
4,-30.0,noloop
4,-36.815,noloop
4,-42.99,noloop
4,-30.14,noloop
4,-39.6,noloop
4,-38.46,noloop
4,-41.77,noloop
4,-30.0,noloop
4,-30.0,noloop
4,-30.0,noloop
4,-30.0,noloop
4,-30.0,noloop
4,-33.89,noloop
4,-41.49,noloop
4,-30.0,noloop
4,-25.15,noloop
4,-10.63,noloop
4,-42.99,noloop
4,-21.09,noloop
4,-43.0,noloop
4,-30.0,noloop
4,-30.0,noloop
4,-30.0,noloop
4,-37.03,noloop
4,-30.0,noloop
4,-30.0,noloop
4,-10.585,noloop
4,-10.64,noloop
4,-42.93,noloop
4,-30.0,noloop
4,-10.65,noloop
4,-42.995000000000005,noloop
4,-30.0,noloop
4,-30.0,noloop
4,-30.0,noloop
4,-21.755000000000003,noloop
4,-32.16,noloop
4,-30.0,noloop
4,-10.57,noloop
4,-10.57,noloop
4,-10.54,noloop
4,-10.51,noloop
4,-10.43,noloop
4,-30.0,noloop
4,-30.0,noloop
4,-30.0,noloop
4,-10.47,noloop
4,-10.65,noloop
4,-10.65,noloop
4,-10.59,noloop
4,-10.41,noloop
4,-10.4,noloop
4,-10.52,noloop
4,-10.55,noloop
4,-10.61,noloop
4,-22.385,noloop
4,-10.41,noloop
4,-10.58,noloop
4,-10.49,noloop
4,-10.41,noloop
4,-10.48,noloop
4,-10.58,noloop
4,-30.0,noloop
4,-30.0,noloop
4,-30.0,noloop
4,-30.0,noloop
4,-30.0,noloop
4,-10.65,noloop
4,-10.54,noloop
4,-30.0,noloop
4,-34.69,noloop
4,-30.0,noloop
4,-30.0,noloop
4,-30.0,noloop
4,-30.0,noloop
4,-30.0,noloop
4,-30.0,noloop
4,-10.565,noloop
4,-10.555,noloop
4,-10.53,noloop
4,-10.545,noloop
4,-10.645,noloop
4,-10.6,noloop
4,-21.14,noloop
4,-30.0,noloop
4,-10.52,noloop
4,-23.505000000000003,noloop
4,-10.52,noloop
4,-10.52,noloop
4,-10.41,noloop
4,-10.52,noloop
4,-10.47,noloop
4,-10.48,noloop
4,-30.0,noloop
4,-10.53,noloop
4,-30.0,noloop
4,-26.19,noloop
4,-10.565,noloop
4,-10.39,noloop
4,-10.49,noloop
4,-10.55,noloop
4,-10.565,noloop
4,-24.43,noloop
4,-10.41,noloop
4,-30.0,noloop
4,-10.385,noloop
4,-30.0,noloop
4,-10.62,noloop
4,-10.64,noloop
4,-30.0,noloop
4,-30.0,noloop
4,-10.45,noloop
4,-25.675,noloop
4,-10.41,noloop
4,-10.45,noloop
4,-30.0,noloop
4,-20.985,noloop
4,-10.52,noloop
4,-21.175,noloop
4,-30.0,noloop
4,-26.04,noloop
4,-10.395,noloop
4,-10.47,noloop
4,-30.0,noloop
4,-10.61,noloop
4,-10.41,noloop
4,-10.36,noloop
4,-10.41,noloop
4,-10.595,noloop
4,-10.65,noloop
4,-10.64,noloop
4,-10.54,noloop
4,-10.46,noloop
4,-10.51,noloop
4,-10.585,noloop
4,-30.0,noloop
4,-10.635000000000002,noloop
4,-10.65,noloop
4,-10.58,noloop
4,-10.565,noloop
4,-21.01,noloop
4,-10.545,noloop
4,-10.41,noloop
4,-22.565,noloop
4,-10.445,noloop
4,-10.6,noloop
4,-10.475,noloop
4,-10.38,noloop
4,-10.535,noloop
4,-10.56,noloop
4,-10.62,noloop
4,-10.46,noloop
4,-10.495,noloop
4,-10.38,noloop
4,-10.63,noloop
4,-10.54,noloop
4,-10.43,noloop
4,-30.0,noloop
4,-10.51,noloop
4,-10.47,noloop
4,-10.63,noloop
4,-10.58,noloop
4,-10.63,noloop
4,-10.56,noloop
4,-20.97,noloop
4,-23.66,noloop
4,-24.57,noloop
4,-26.035,noloop
4,-28.245,noloop
4,-10.375,noloop
4,-10.525,noloop
4,-10.515,noloop
4,-10.59,noloop
4,-10.54,noloop
4,-10.54,noloop
4,-10.505,noloop
4,-10.52,noloop
4,-10.64,noloop
4,-10.55,noloop
4,-10.44,noloop
4,-10.56,noloop
4,-10.565,noloop
4,-35.01,noloop
4,-23.8,noloop
4,-10.45,noloop
4,-10.46,noloop
4,-10.455,noloop
4,-10.52,noloop
4,-10.35,noloop
4,-10.63,noloop
4,-30.0,noloop
4,-10.45,noloop
4,-10.545,noloop
4,-10.485,noloop
4,-10.61,noloop
4,-23.105,noloop
4,-23.2,noloop
4,-10.41,noloop
4,-10.45,noloop
4,-10.5,noloop
4,-10.57,noloop
4,-10.52,noloop
4,-30.0,noloop
4,-10.595,noloop
4,-10.505,noloop
4,-10.52,noloop
4,-10.57,noloop
4,-10.52,noloop
4,-10.6,noloop
4,-10.62,noloop
4,-10.52,noloop
4,-10.48,noloop
4,-10.65,noloop
4,-10.62,noloop
4,-10.555,noloop
4,-10.56,noloop
4,-10.55,noloop
4,-30.0,noloop
4,-26.7,noloop
4,-33.375,noloop
4,-30.0,noloop
4,-10.34,noloop
4,-10.35,noloop
4,-10.35,noloop
4,-10.35,noloop
4,-10.3,noloop
4,-10.555,noloop
4,-10.56,noloop
4,-10.6,noloop
4,-30.0,noloop
4,-30.0,noloop
4,-10.34,noloop
4,-30.0,noloop
4,-30.0,noloop
4,-30.0,noloop
4,-30.0,noloop
4,-10.49,noloop
4,-30.0,noloop
4,-21.425,noloop
4,-30.0,noloop
4,-10.46,noloop
4,-10.44,noloop
4,-10.35,noloop
4,-10.61,noloop
4,-10.45,noloop
4,-10.49,noloop
4,-10.38,noloop
4,-10.42,noloop
4,-10.63,noloop
4,-10.43,noloop
4,-30.0,noloop
4,-22.165,noloop
4,-10.46,noloop
4,-10.34,noloop
4,-10.39,noloop
4,-10.655,noloop
4,-10.32,noloop
4,-10.48,noloop
4,-10.53,noloop
4,-10.64,noloop
4,-21.72,noloop
4,-21.67,noloop
4,-30.0,noloop
4,-30.0,noloop
4,-30.0,noloop
4,-30.0,noloop
4,-10.51,noloop
4,-30.0,noloop
4,-30.0,noloop
4,-10.24,noloop
4,-30.0,noloop
4,-30.0,noloop
4,-35.120000000000005,noloop
4,-26.695,noloop
4,-30.06,noloop
4,-33.77,noloop
4,-10.59,noloop
4,-10.51,noloop
4,-10.59,noloop
4,-10.415,noloop
4,-30.0,noloop
4,-30.0,noloop
4,-38.685,noloop
4,-10.655,noloop
4,-10.59,noloop
4,-10.645,noloop
4,-30.0,noloop
4,-30.0,noloop
4,-24.27,noloop
4,-25.455,noloop
4,-22.91,noloop
4,-30.0,noloop
4,-10.46,noloop
4,-10.33,noloop
4,-30.0,noloop
4,-30.0,noloop
4,-30.0,noloop
4,-30.0,noloop
4,-10.63,noloop
4,-30.0,noloop
4,-10.595,noloop
4,-30.0,noloop
4,-10.425,noloop
4,-10.56,noloop
4,-10.61,noloop
4,-10.57,noloop
4,-10.51,noloop
4,-10.59,noloop
4,-30.0,noloop
4,-10.48,noloop
4,-10.29,noloop
4,-30.0,noloop
4,-30.0,noloop
4,-30.0,noloop
4,-10.46,noloop
4,-10.41,noloop
4,-10.26,noloop
4,-10.49,noloop
4,-10.34,noloop
4,-10.41,noloop
4,-10.364999999999998,noloop
4,-30.0,noloop
4,-10.41,noloop
4,-30.0,noloop
4,-10.52,noloop
4,-30.0,noloop
4,-10.43,noloop
4,-10.42,noloop
4,-10.39,noloop
4,-10.43,noloop
4,-10.39,noloop
4,-10.42,noloop
4,-21.61,noloop
4,-22.305,noloop
4,-23.05,noloop
4,-10.64,noloop
4,-10.61,noloop
4,-10.64,noloop
4,-10.6,noloop
4,-10.41,noloop
4,-10.44,noloop
4,-10.45,noloop
4,-10.45,noloop
4,-10.33,noloop
4,-30.0,noloop
4,-30.0,noloop
4,-30.0,noloop
4,-10.385000000000002,noloop
4,-10.445,noloop
4,-10.4,noloop
4,-10.32,noloop
4,-30.0,noloop
4,-10.525,noloop
4,-10.49,noloop
4,-10.63,noloop
4,-10.505,noloop
4,-10.52,noloop
4,-10.41,noloop
4,-30.0,noloop
4,-10.565,noloop
4,-10.57,noloop
4,-21.76,noloop
4,-10.63,noloop
4,-10.63,noloop
4,-10.56,noloop
4,-10.56,noloop
4,-10.59,noloop
4,-10.63,noloop
4,-10.63,noloop
4,-10.51,noloop
4,-10.52,noloop
4,-10.55,noloop
4,-10.48,noloop
4,-10.48,noloop
4,-10.535,noloop
4,-10.46,noloop
4,-10.47,noloop
4,-10.48,noloop
4,-25.38,noloop
4,-10.63,noloop
4,-28.21,noloop
4,-22.69,noloop
4,-21.59,noloop
4,-22.345,noloop
4,-30.18,noloop
4,-10.53,noloop
4,-24.12,noloop
4,-23.38,noloop
4,-42.92,noloop
4,-36.91,noloop
4,-43.0,noloop
4,-43.0,noloop
4,-43.0,noloop
4,-10.5,noloop
4,-21.03,noloop
4,-28.02,noloop
4,-30.23,noloop
4,-24.23,noloop
4,-22.75,noloop
4,-41.45,noloop
4,-22.985,noloop
4,-22.72,noloop
4,-10.56,noloop
4,-10.46,noloop
4,-30.0,noloop
4,-10.5,noloop
4,-10.45,noloop
4,-10.41,noloop
4,-21.16,noloop
4,-21.235,noloop
4,-10.58,noloop
4,-21.94,noloop
4,-31.11,noloop
4,-30.0,noloop
4,-21.43,noloop
4,-21.41,noloop
4,-21.315,noloop
4,-21.5,noloop
4,-22.16,noloop
4,-22.105,noloop
4,-22.16,noloop
4,-21.925,noloop
4,-23.99,noloop
4,-22.19,noloop
4,-22.205,noloop
4,-30.0,noloop
4,-10.45,noloop
4,-25.575,noloop
4,-43.0,noloop
4,-28.27,noloop
4,-10.45,noloop
4,-26.4,noloop
4,-10.45,noloop
4,-10.45,noloop
4,-10.64,noloop
4,-10.61,noloop
4,-10.41,noloop
4,-10.41,noloop
4,-27.38,noloop
4,-21.49,noloop
4,-20.93,noloop
4,-24.37,noloop
4,-10.565,noloop
4,-10.515,noloop
4,-30.0,noloop
4,-10.42,noloop
4,-22.51,noloop
4,-21.915,noloop
4,-22.93,noloop
4,-10.62,noloop
4,-10.57,noloop
4,-10.48,noloop
4,-10.45,noloop
4,-10.48,noloop
4,-10.48,noloop
4,-10.51,noloop
4,-10.63,noloop
4,-10.59,noloop
4,-10.595,noloop
4,-21.815,noloop
4,-10.615,noloop
4,-30.0,noloop
4,-10.235,noloop
4,-10.465,noloop
4,-10.52,noloop
4,-10.51,noloop
4,-10.51,noloop
4,-10.45,noloop
4,-10.55,noloop
4,-31.84,noloop
4,-10.625,noloop
4,-20.84,noloop
4,-10.33,noloop
4,-10.4,noloop
4,-10.3,noloop
4,-10.49,noloop
4,-10.52,noloop
4,-10.44,noloop
4,-10.33,noloop
4,-10.47,noloop
4,-10.505,noloop
4,-10.35,noloop
4,-10.45,noloop
4,-10.58,noloop
4,-10.52,noloop
4,-30.0,noloop
4,-10.34,noloop
4,-10.2,noloop
4,-10.45,noloop
4,-10.59,noloop
4,-10.615,noloop
4,-22.64,noloop
4,-43.0,noloop
4,-10.605,noloop
4,-10.63,noloop
4,-30.0,noloop
4,-10.27,noloop
4,-30.0,noloop
4,-23.450000000000003,noloop
4,-25.44,noloop
4,-25.32,noloop
4,-25.77,noloop
4,-34.73,noloop
4,-30.0,noloop
4,-30.0,noloop
4,-24.72,noloop
4,-10.63,noloop
4,-30.0,noloop
4,-30.0,noloop
4,-30.0,noloop
4,-30.0,noloop
4,-10.6,noloop
4,-30.0,noloop
4,-10.465,noloop
4,-23.65,noloop
4,-10.41,noloop
4,-10.53,noloop
4,-10.3,noloop
4,-10.43,noloop
4,-30.0,noloop
4,-30.0,noloop
4,-10.625,noloop
4,-10.555,noloop
4,-30.0,noloop
4,-30.0,noloop
4,-10.58,noloop
4,-10.43,noloop
4,-20.85,noloop
4,-10.55,noloop
4,-10.46,noloop
4,-30.0,noloop
4,-30.0,noloop
4,-10.4,noloop
4,-10.36,noloop
4,-10.32,noloop
4,-10.43,noloop
4,-10.33,noloop
4,-22.2,noloop
4,-10.52,noloop
4,-30.0,noloop
4,-10.515,noloop
4,-10.44,noloop
4,-10.305,noloop
4,-10.57,noloop
4,-10.47,noloop
4,-10.41,noloop
4,-10.33,noloop
4,-10.28,noloop
4,-30.0,noloop
4,-10.535,noloop
4,-10.45,noloop
4,-10.57,noloop
4,-10.615,noloop
4,-10.63,noloop
4,-30.0,noloop
4,-22.47,noloop
4,-43.0,noloop
4,-21.21,noloop
4,-22.845,noloop
4,-10.614999999999998,noloop
4,-10.605,noloop
4,-23.73,noloop
4,-10.36,noloop
4,-10.4,noloop
4,-10.39,noloop
4,-10.38,noloop
4,-23.91,noloop
4,-10.535,noloop
4,-10.52,noloop
4,-10.54,noloop
4,-10.58,noloop
4,-10.59,noloop
4,-10.545,noloop
4,-10.47,noloop
4,-10.56,noloop
4,-10.52,noloop
4,-10.46,noloop
4,-10.645,noloop
4,-30.0,noloop
4,-30.0,noloop
4,-10.36,noloop
4,-27.62,noloop
4,-10.47,noloop
4,-30.0,noloop
4,-30.0,noloop
4,-10.39,noloop
4,-30.0,noloop
4,-10.55,noloop
4,-10.55,noloop
4,-42.8,noloop
4,-10.48,noloop
4,-10.48,noloop
4,-30.0,noloop
4,-22.985,noloop
4,-10.5,noloop
4,-30.0,noloop
4,-10.27,noloop
4,-30.0,noloop
4,-10.36,noloop
4,-30.0,noloop
4,-10.61,noloop
4,-30.0,noloop
4,-10.42,noloop
4,-30.0,noloop
4,-22.125,noloop
4,-10.415,noloop
4,-30.0,noloop
4,-10.41,noloop
4,-30.0,noloop
4,-10.49,noloop
4,-30.0,noloop
4,-30.0,noloop
4,-30.0,noloop
4,-27.96,noloop
4,-30.0,noloop
4,-30.0,noloop
4,-30.0,noloop
4,-10.6,noloop
4,-28.16,noloop
4,-30.0,noloop
4,-30.0,noloop
4,-30.0,noloop
4,-30.0,noloop
4,-30.0,noloop
4,-10.39,noloop
4,-10.575,noloop
4,-30.0,noloop
4,-30.0,noloop
4,-30.0,noloop
4,-10.48,noloop
4,-30.0,noloop
4,-30.0,noloop
4,-25.02,noloop
4,-10.53,noloop
4,-30.0,noloop
4,-10.56,noloop
4,-10.485,noloop
4,-30.0,noloop
4,-30.0,noloop
4,-10.41,noloop
4,-10.59,noloop
4,-30.0,noloop
4,-30.0,noloop
4,-30.0,noloop
4,-30.0,noloop
4,-24.98,noloop
4,-10.47,noloop
4,-30.0,noloop
4,-30.0,noloop
4,-30.0,noloop
4,-30.0,noloop
4,-30.0,noloop
4,-30.0,noloop
4,-30.0,noloop
4,-30.0,noloop
4,-30.0,noloop
4,-10.49,noloop
4,-10.63,noloop
4,-22.535,noloop
4,-10.62,noloop
4,-30.0,noloop
4,-30.0,noloop
4,-10.52,noloop
4,-37.040000000000006,noloop
4,-10.41,noloop
4,-10.37,noloop
4,-10.41,noloop
4,-10.45,noloop
4,-10.475,noloop
4,-30.0,noloop
4,-10.4,noloop
4,-10.325,noloop
4,-10.43,noloop
4,-10.46,noloop
4,-10.46,noloop
4,-30.0,noloop
4,-21.245,noloop
4,-30.0,noloop
4,-22.16,noloop
4,-23.89,noloop
4,-23.1,noloop
4,-21.15,noloop
4,-30.0,noloop
4,-25.065,noloop
4,-23.48,noloop
4,-27.38,noloop
4,-10.65,noloop
4,-10.43,noloop
4,-30.0,noloop
4,-30.0,noloop
4,-26.38,noloop
4,-10.42,noloop
4,-10.495,noloop
4,-23.265,noloop
4,-21.06,noloop
4,-21.39,noloop
4,-29.22,noloop
4,-27.62,noloop
4,-30.0,noloop
4,-10.41,noloop
4,-10.54,noloop
4,-10.55,noloop
4,-30.0,noloop
4,-30.0,noloop
4,-30.0,noloop
4,-30.0,noloop
4,-30.0,noloop
4,-30.0,noloop
4,-30.0,noloop
4,-30.0,noloop
4,-30.0,noloop
4,-30.0,noloop
4,-10.43,noloop
4,-10.54,noloop
4,-10.46,noloop
4,-30.0,noloop
4,-30.0,noloop
4,-30.0,noloop
4,-10.52,noloop
4,-30.0,noloop
4,-10.54,noloop
4,-10.6,noloop
4,-24.41,noloop
4,-10.55,noloop
4,-10.65,noloop
4,-21.77,noloop
4,-10.54,noloop
4,-10.55,noloop
4,-10.53,noloop
4,-10.53,noloop
4,-10.48,noloop
4,-10.55,noloop
4,-10.62,noloop
4,-30.0,noloop
4,-10.63,noloop
4,-42.99,noloop
4,-10.63,noloop
4,-30.0,noloop
4,-21.97,noloop
4,-10.63,noloop
4,-10.62,noloop
4,-10.57,noloop
4,-10.52,noloop
4,-30.0,noloop
4,-42.92,noloop
4,-10.614999999999998,noloop
4,-30.0,noloop
4,-10.59,noloop
4,-10.63,noloop
4,-10.4,noloop
4,-10.55,noloop
4,-21.57,noloop
4,-10.63,noloop
4,-10.61,noloop
4,-30.0,noloop
4,-10.53,noloop
4,-10.595,noloop
4,-10.435,noloop
4,-30.0,noloop
4,-30.0,noloop
4,-30.0,noloop
4,-30.0,noloop
4,-10.34,noloop
4,-24.38,noloop
4,-10.425,noloop
4,-10.625,noloop
4,-10.53,noloop
4,-10.62,noloop
4,-10.485,noloop
4,-30.0,noloop
4,-20.91,noloop
4,-29.96,noloop
4,-21.41,noloop
4,-25.05,noloop
4,-21.47,noloop
4,-23.91,noloop
4,-28.165,noloop
4,-30.0,noloop
4,-10.55,noloop
4,-30.0,noloop
4,-30.0,noloop
4,-10.45,noloop
4,-10.39,noloop
4,-21.03,noloop
4,-43.0,noloop
4,-30.0,noloop
4,-30.0,noloop
4,-10.48,noloop
4,-10.55,noloop
4,-10.515,noloop
4,-10.38,noloop
4,-10.36,noloop
4,-10.36,noloop
4,-30.0,noloop
4,-10.565,noloop
4,-30.0,noloop
4,-30.0,noloop
4,-10.38,noloop
4,-10.46,noloop
4,-10.395,noloop
4,-10.36,noloop
4,-10.355,noloop
4,-10.34,noloop
4,-10.59,noloop
4,-10.42,noloop
4,-30.0,noloop
4,-10.52,noloop
4,-10.49,noloop
4,-30.0,noloop
4,-10.6,noloop
4,-10.52,noloop
4,-10.63,noloop
4,-23.27,noloop
4,-10.62,noloop
4,-30.0,noloop
4,-30.0,noloop
4,-30.0,noloop
4,-30.0,noloop
4,-30.0,noloop
4,-30.0,noloop
4,-30.0,noloop
4,-30.0,noloop
4,-30.0,noloop
4,-30.0,noloop
4,-10.42,noloop
4,-30.0,noloop
4,-10.48,noloop
4,-30.0,noloop
4,-10.44,noloop
4,-30.0,noloop
4,-30.0,noloop
4,-10.59,noloop
4,-24.61,noloop
4,-30.0,noloop
4,-10.48,noloop
4,-10.6,noloop
4,-10.47,noloop
4,-10.53,noloop
4,-41.58,noloop
4,-10.65,noloop
4,-10.52,noloop
4,-10.58,noloop
4,-30.0,noloop
4,-30.0,noloop
4,-30.0,noloop
4,-30.0,noloop
4,-30.0,noloop
4,-30.0,noloop
4,-10.375,noloop
4,-10.46,noloop
4,-30.0,noloop
4,-10.64,noloop
4,-10.47,noloop
4,-10.58,noloop
4,-23.025,noloop
4,-30.0,noloop
4,-30.0,noloop
4,-10.645,noloop
4,-27.18,noloop
4,-10.51,noloop
4,-21.4,noloop
4,-22.305,noloop
4,-10.505,noloop
4,-10.545,noloop
4,-30.0,noloop
4,-10.59,noloop
4,-30.0,noloop
4,-21.82,noloop
4,-10.58,noloop
4,-10.48,noloop
4,-43.0,noloop
4,-10.64,noloop
4,-30.0,noloop
4,-10.52,noloop
4,-10.52,noloop
4,-10.43,noloop
4,-10.63,noloop
4,-25.915,noloop
4,-30.0,noloop
4,-30.0,noloop
4,-30.0,noloop
4,-30.0,noloop
4,-30.0,noloop
4,-30.0,noloop
4,-30.0,noloop
4,-10.41,noloop
4,-30.0,noloop
4,-20.87,noloop
4,-30.0,noloop
4,-30.0,noloop
4,-30.0,noloop
4,-30.0,noloop
4,-30.0,noloop
4,-10.52,noloop
4,-30.0,noloop
4,-30.0,noloop
4,-10.57,noloop
4,-10.46,noloop
4,-30.0,noloop
4,-30.0,noloop
4,-30.0,noloop
4,-30.0,noloop
4,-30.0,noloop
4,-30.0,noloop
4,-30.0,noloop
4,-30.0,noloop
4,-10.42,noloop
4,-30.0,noloop
4,-21.16,noloop
4,-30.0,noloop
4,-30.0,noloop
4,-10.56,noloop
4,-10.42,noloop
4,-10.63,noloop
4,-10.505,noloop
4,-10.45,noloop
4,-30.0,noloop
4,-10.48,noloop
4,-30.0,noloop
4,-10.52,noloop
4,-10.33,noloop
4,-10.385,noloop
4,-30.0,noloop
4,-10.595,noloop
4,-10.45,noloop
4,-10.43,noloop
4,-10.59,noloop
4,-10.54,noloop
4,-10.515,noloop
4,-21.545,noloop
4,-10.63,noloop
4,-10.535,noloop
4,-30.0,noloop
4,-22.26,noloop
4,-10.54,noloop
4,-10.63,noloop
4,-10.5,noloop
4,-10.6,noloop
4,-10.48,noloop
4,-21.02,noloop
4,-10.56,noloop
4,-30.0,noloop
4,-10.49,noloop
4,-10.55,noloop
4,-42.91,noloop
4,-42.95,noloop
4,-10.52,noloop
4,-10.52,noloop
4,-10.53,noloop
4,-21.67,noloop
4,-10.58,noloop
4,-10.57,noloop
4,-20.92,noloop
4,-10.55,noloop
4,-10.6,noloop
4,-21.13,noloop
4,-10.63,noloop
4,-10.52,noloop
4,-10.54,noloop
4,-10.45,noloop
4,-10.535,noloop
4,-10.5,noloop
4,-20.95,noloop
4,-10.6,noloop
4,-10.52,noloop
4,-22.595,noloop
4,-10.52,noloop
4,-24.395,noloop
4,-30.0,noloop
4,-30.0,noloop
4,-10.345,noloop
4,-10.54,noloop
4,-10.65,noloop
4,-10.57,noloop
4,-10.535,noloop
4,-10.41,noloop
4,-10.495,noloop
4,-10.46,noloop
4,-30.0,noloop
4,-10.56,noloop
4,-10.64,noloop
4,-10.51,noloop
4,-10.55,noloop
4,-10.59,noloop
4,-10.61,noloop
4,-10.58,noloop
4,-10.6,noloop
4,-10.61,noloop
4,-10.5,noloop
4,-10.48,noloop
4,-30.0,noloop
4,-10.45,noloop
4,-10.575,noloop
4,-10.64,noloop
4,-10.535,noloop
4,-10.59,noloop
4,-10.56,noloop
4,-30.0,noloop
4,-27.84,noloop
4,-10.44,noloop
4,-10.35,noloop
4,-30.0,noloop
4,-10.46,noloop
4,-30.0,noloop
4,-10.38,noloop
4,-30.0,noloop
4,-10.48,noloop
4,-26.49,noloop
4,-26.49,noloop
4,-30.0,noloop
4,-30.0,noloop
4,-29.82,noloop
4,-10.325,noloop
4,-30.0,noloop
4,-10.51,noloop
4,-30.0,noloop
4,-10.27,noloop
4,-21.1,noloop
4,-10.39,noloop
4,-30.0,noloop
4,-10.27,noloop
4,-30.0,noloop
4,-10.305,noloop
4,-30.0,noloop
4,-10.48,noloop
4,-10.42,noloop
4,-30.0,noloop
4,-10.33,noloop
4,-30.0,noloop
4,-30.0,noloop
4,-30.0,noloop
4,-30.0,noloop
4,-10.44,noloop
4,-30.0,noloop
4,-10.4,noloop
4,-10.39,noloop
4,-10.45,noloop
4,-30.0,noloop
4,-10.33,noloop
4,-10.34,noloop
4,-10.435,noloop
4,-30.0,noloop
4,-10.34,noloop
4,-10.62,noloop
4,-10.38,noloop
4,-10.405,noloop
4,-30.0,noloop
4,-30.0,noloop
4,-10.4,noloop
4,-30.0,noloop
4,-10.45,noloop
4,-30.0,noloop
4,-28.54,noloop
4,-30.0,noloop
4,-30.0,noloop
4,-10.36,noloop
4,-10.36,noloop
4,-10.58,noloop
4,-31.69,noloop
4,-10.595,noloop
4,-24.59,noloop
4,-30.0,noloop
4,-30.0,noloop
4,-10.34,noloop
4,-30.0,noloop
4,-10.364999999999998,noloop
4,-10.55,noloop
4,-10.45,noloop
4,-30.0,noloop
4,-30.0,noloop
4,-22.31,noloop
4,-22.285,noloop
4,-22.02,noloop
4,-10.655,noloop
4,-10.57,noloop
4,-21.29,noloop
4,-30.0,noloop
4,-22.63,noloop
4,-10.51,noloop
4,-22.57,noloop
4,-10.655,noloop
4,-21.48,noloop
4,-10.53,noloop
4,-30.0,noloop
4,-21.155,noloop
4,-30.0,noloop
4,-30.0,noloop
4,-21.01,noloop
4,-21.57,noloop
4,-22.95,noloop
4,-20.995,noloop
4,-24.47,noloop
4,-21.55,noloop
4,-21.68,noloop
4,-23.06,noloop
4,-10.55,noloop
4,-21.72,noloop
4,-21.09,noloop
4,-10.585,noloop
4,-10.45,noloop
4,-10.56,noloop
4,-10.54,noloop
4,-10.43,noloop
4,-10.59,noloop
4,-10.57,noloop
4,-10.61,noloop
4,-21.15,noloop
4,-10.635,noloop
4,-30.0,noloop
4,-30.0,noloop
4,-21.34,noloop
4,-21.0,noloop
4,-21.35,noloop
4,-22.455,noloop
4,-22.14,noloop
4,-10.46,noloop
4,-10.49,noloop
4,-10.625,noloop
4,-23.22,noloop
4,-21.69,noloop
4,-21.2,noloop
4,-21.19,noloop
4,-20.88,noloop
4,-21.25,noloop
4,-43.0,noloop
4,-20.84,noloop
4,-10.56,noloop
4,-20.985,noloop
4,-20.95,noloop
4,-20.905,noloop
4,-10.52,noloop
4,-10.55,noloop
4,-10.49,noloop
4,-10.55,noloop
4,-10.37,noloop
4,-10.38,noloop
4,-30.0,noloop
4,-10.575,noloop
4,-10.6,noloop
4,-10.56,noloop
4,-30.0,noloop
4,-10.64,noloop
4,-10.59,noloop
4,-10.64,noloop
4,-30.0,noloop
4,-30.0,noloop
4,-30.0,noloop
4,-30.0,noloop
4,-10.57,noloop
4,-10.54,noloop
4,-10.595,noloop
4,-10.49,noloop
4,-10.585,noloop
4,-10.55,noloop
4,-10.51,noloop
4,-10.52,noloop
4,-10.59,noloop
4,-10.65,noloop
4,-10.46,noloop
4,-10.63,noloop
4,-30.0,noloop
4,-30.0,noloop
4,-10.65,noloop
4,-30.0,noloop
4,-30.0,noloop
4,-10.6,noloop
4,-10.49,noloop
4,-10.58,noloop
4,-10.65,noloop
4,-10.63,noloop
4,-30.0,noloop
4,-30.0,noloop
4,-10.43,noloop
4,-10.575,noloop
4,-10.49,noloop
4,-21.935,noloop
4,-10.5,noloop
4,-10.575,noloop
4,-26.33,noloop
4,-10.51,noloop
4,-10.45,noloop
4,-10.41,noloop
4,-10.59,noloop
4,-22.38,noloop
4,-22.38,noloop
4,-22.38,noloop
4,-10.45,noloop
4,-10.48,noloop
4,-21.66,noloop
4,-30.0,noloop
4,-23.21,noloop
4,-30.0,noloop
4,-10.545,noloop
4,-30.0,noloop
4,-10.57,noloop
4,-10.55,noloop
4,-10.54,noloop
4,-10.63,noloop
4,-10.63,noloop
4,-10.57,noloop
4,-10.49,noloop
4,-10.62,noloop
4,-10.53,noloop
4,-10.545,noloop
4,-10.565,noloop
4,-10.645,noloop
4,-10.645,noloop
4,-10.35,noloop
4,-10.645,noloop
4,-10.61,noloop
4,-23.88,noloop
4,-24.95,noloop
4,-30.0,noloop
4,-30.0,noloop
4,-10.565,noloop
4,-21.31,noloop
4,-24.83,noloop
4,-21.755000000000003,noloop
4,-21.98,noloop
4,-21.98,noloop
4,-10.47,noloop
4,-10.58,noloop
4,-10.59,noloop
4,-10.59,noloop
4,-10.62,noloop
4,-10.48,noloop
4,-10.48,noloop
4,-10.445,noloop
4,-10.38,noloop
4,-30.0,noloop
4,-30.0,noloop
4,-20.915,noloop
4,-30.0,noloop
4,-22.51,noloop
4,-41.4,noloop
4,-41.4,noloop
4,-23.09,noloop
4,-22.5,noloop
4,-42.92,noloop
4,-42.92,noloop
4,-42.99,noloop
4,-21.745,noloop
4,-23.31,noloop
4,-30.0,noloop
4,-41.37,noloop
4,-43.0,noloop
4,-10.535,noloop
4,-30.0,noloop
4,-30.0,noloop
4,-42.8,noloop
4,-22.82,noloop
4,-39.73,noloop
4,-37.34,noloop
4,-30.0,noloop
4,-30.0,noloop
4,-10.63,noloop
4,-43.0,noloop
4,-30.0,noloop
4,-30.0,noloop
4,-30.0,noloop
4,-23.49,noloop
4,-21.63,noloop
4,-42.91,noloop
4,-42.92,noloop
4,-10.41,noloop
4,-30.0,noloop
4,-42.69,noloop
4,-25.83,noloop
4,-23.12,noloop
4,-28.975,noloop
4,-22.355,noloop
4,-40.865,noloop
4,-30.0,noloop
4,-39.88,noloop
4,-10.64,noloop
4,-10.505,noloop
4,-43.0,noloop
4,-30.0,noloop
4,-10.43,noloop
4,-33.09,noloop
4,-30.0,noloop
4,-30.0,noloop
4,-10.53,noloop
4,-41.93,noloop
4,-30.0,noloop
4,-26.880000000000003,noloop
4,-27.78,noloop
4,-26.3,noloop
4,-28.135,noloop
4,-26.34,noloop
4,-10.42,noloop
4,-10.55,noloop
4,-10.39,noloop
4,-10.57,noloop
4,-10.56,noloop
4,-10.54,noloop
4,-10.55,noloop
4,-10.48,noloop
4,-10.52,noloop
4,-30.0,noloop
4,-10.63,noloop
4,-21.815,noloop
4,-10.41,noloop
4,-10.545,noloop
4,-24.77,noloop
4,-10.53,noloop
4,-10.41,noloop
4,-10.45,noloop
4,-10.52,noloop
4,-10.59,noloop
4,-10.575,noloop
4,-10.41,noloop
4,-10.62,noloop
4,-30.0,noloop
4,-30.0,noloop
4,-21.13,noloop
4,-10.44,noloop
4,-30.0,noloop
4,-30.0,noloop
4,-30.0,noloop
4,-10.58,noloop
4,-10.53,noloop
4,-30.0,noloop
4,-10.54,noloop
4,-10.6,noloop
4,-30.38,noloop
4,-30.0,noloop
4,-30.0,noloop
4,-30.0,noloop
4,-43.0,noloop
4,-43.0,noloop
4,-30.0,noloop
4,-30.0,noloop
4,-30.0,noloop
4,-30.0,noloop
4,-10.55,noloop
4,-10.35,noloop
4,-10.63,noloop
4,-10.57,noloop
4,-30.0,noloop
4,-30.0,noloop
4,-10.635000000000002,noloop
4,-30.0,noloop
4,-42.89,noloop
4,-30.0,noloop
4,-30.0,noloop
4,-30.0,noloop
4,-10.47,noloop
4,-10.47,noloop
4,-22.58,noloop
4,-30.0,noloop
4,-30.0,noloop
4,-10.614999999999998,noloop
4,-30.0,noloop
4,-30.0,noloop
4,-10.56,noloop
4,-30.0,noloop
4,-30.0,noloop
4,-30.0,noloop
4,-30.0,noloop
4,-30.0,noloop
4,-30.0,noloop
4,-30.0,noloop
4,-30.0,noloop
4,-30.0,noloop
4,-30.0,noloop
4,-30.0,noloop
4,-30.0,noloop
4,-30.0,noloop
4,-30.0,noloop
4,-30.0,noloop
4,-30.0,noloop
4,-42.11,noloop
4,-30.0,noloop
4,-30.0,noloop
4,-30.0,noloop
4,-30.0,noloop
4,-23.185,noloop
4,-30.0,noloop
4,-10.655,noloop
4,-10.46,noloop
4,-10.57,noloop
4,-10.57,noloop
4,-10.485,noloop
4,-10.48,noloop
4,-10.55,noloop
4,-10.47,noloop
4,-10.58,noloop
4,-10.58,noloop
4,-10.455,noloop
4,-30.0,noloop
4,-10.59,noloop
4,-10.59,noloop
4,-10.65,noloop
4,-20.87,noloop
4,-20.85,noloop
4,-10.655,noloop
4,-10.48,noloop
4,-30.0,noloop
4,-30.0,noloop
4,-10.34,noloop
4,-30.0,noloop
4,-30.0,noloop
4,-10.33,noloop
4,-10.55,noloop
4,-10.46,noloop
4,-30.0,noloop
4,-30.0,noloop
4,-30.0,noloop
4,-10.35,noloop
4,-10.455,noloop
4,-10.34,noloop
4,-10.385000000000002,noloop
4,-30.0,noloop
4,-30.0,noloop
4,-30.0,noloop
4,-30.0,noloop
4,-30.0,noloop
4,-10.35,noloop
4,-10.61,noloop
4,-30.0,noloop
4,-10.52,noloop
4,-30.0,noloop
4,-30.0,noloop
4,-30.0,noloop
4,-30.0,noloop
4,-30.0,noloop
4,-30.0,noloop
4,-30.0,noloop
4,-10.39,noloop
4,-10.3,noloop
4,-30.0,noloop
4,-10.38,noloop
4,-10.33,noloop
4,-10.3,noloop
4,-10.54,noloop
4,-30.0,noloop
4,-30.0,noloop
4,-10.6,noloop
4,-10.61,noloop
4,-34.29,noloop
4,-10.625,noloop
4,-10.575,noloop
4,-30.0,noloop
4,-30.0,noloop
4,-10.36,noloop
4,-30.0,noloop
4,-10.435,noloop
4,-34.379999999999995,noloop
4,-10.56,noloop
4,-10.59,noloop
4,-30.0,noloop
4,-10.47,noloop
4,-10.455,noloop
4,-43.0,noloop
4,-43.0,noloop
4,-43.0,noloop
4,-43.0,noloop
4,-30.0,noloop
4,-30.0,noloop
4,-30.0,noloop
4,-30.0,noloop
4,-10.33,noloop
4,-35.985,noloop
4,-10.45,noloop
4,-10.445,noloop
4,-10.34,noloop
4,-10.46,noloop
4,-39.89,noloop
4,-30.0,noloop
4,-10.515,noloop
4,-30.0,noloop
4,-10.65,noloop
4,-10.56,noloop
4,-10.605,noloop
4,-10.435,noloop
4,-43.0,noloop
4,-10.43,noloop
4,-10.58,noloop
4,-22.98,noloop
4,-22.98,noloop
4,-10.47,noloop
4,-10.515,noloop
4,-10.52,noloop
4,-10.625,noloop
4,-10.52,noloop
4,-21.075000000000003,noloop
4,-22.49,noloop
4,-10.485,noloop
4,-20.855,noloop
4,-20.88,noloop
4,-10.355,noloop
4,-21.69,noloop
4,-10.51,noloop
4,-10.59,noloop
4,-21.62,noloop
4,-22.66,noloop
4,-10.45,noloop
4,-10.59,noloop
4,-22.34,noloop
4,-10.44,noloop
4,-10.52,noloop
4,-20.94,noloop
4,-10.45,noloop
4,-10.5,noloop
4,-31.95,noloop
4,-10.51,noloop
4,-10.48,noloop
4,-10.55,noloop
4,-10.48,noloop
4,-10.61,noloop
4,-10.44,noloop
4,-10.614999999999998,noloop
4,-22.59,noloop
4,-10.62,noloop
4,-10.65,noloop
4,-10.59,noloop
4,-21.41,noloop
4,-10.6,noloop
4,-28.415,noloop
4,-30.0,noloop
4,-22.02,noloop
4,-21.83,noloop
4,-23.28,noloop
4,-22.31,noloop
4,-22.31,noloop
4,-10.65,noloop
4,-22.93,noloop
4,-22.97,noloop
4,-22.3,noloop
4,-30.0,noloop
4,-30.0,noloop
4,-30.0,noloop
4,-21.25,noloop
4,-30.0,noloop
4,-30.0,noloop
4,-30.0,noloop
4,-20.895000000000003,noloop
4,-21.54,noloop
4,-30.0,noloop
4,-21.35,noloop
4,-30.0,noloop
4,-10.63,noloop
4,-23.3,noloop
4,-10.63,noloop
4,-10.555,noloop
4,-23.01,noloop
4,-30.0,noloop
4,-24.19,noloop
4,-10.63,noloop
4,-23.77,noloop
4,-23.7,noloop
4,-30.0,noloop
4,-30.0,noloop
4,-10.47,noloop
4,-30.0,noloop
4,-25.41,noloop
4,-10.64,noloop
4,-24.2,noloop
4,-30.0,noloop
4,-10.579999999999998,noloop
4,-30.0,noloop
4,-30.0,noloop
4,-10.63,noloop
4,-10.605,noloop
4,-22.215,noloop
4,-10.64,noloop
4,-10.65,noloop
4,-10.61,noloop
4,-30.305,noloop
4,-10.61,noloop
4,-10.61,noloop
4,-10.485,noloop
4,-23.71,noloop
4,-10.52,noloop
4,-10.485,noloop
4,-30.0,noloop
4,-30.0,noloop
4,-30.0,noloop
4,-21.235,noloop
4,-10.41,noloop
4,-10.38,noloop
4,-10.38,noloop
4,-10.44,noloop
4,-10.614999999999998,noloop
4,-30.0,noloop
4,-30.0,noloop
4,-24.64,noloop
4,-10.6,noloop
4,-10.36,noloop
4,-10.55,noloop
4,-10.38,noloop
4,-10.51,noloop
4,-30.0,noloop
4,-10.35,noloop
4,-10.64,noloop
4,-10.35,noloop
4,-10.55,noloop
4,-30.0,noloop
4,-10.54,noloop
4,-21.52,noloop
4,-28.33,noloop
4,-10.44,noloop
4,-10.33,noloop
4,-10.45,noloop
4,-10.33,noloop
4,-10.4,noloop
4,-30.0,noloop
4,-30.0,noloop
4,-10.41,noloop
4,-30.0,noloop
4,-30.0,noloop
4,-30.0,noloop
4,-10.3,noloop
4,-10.3,noloop
4,-10.37,noloop
4,-10.34,noloop
4,-30.0,noloop
4,-30.0,noloop
4,-10.26,noloop
4,-30.0,noloop
4,-30.0,noloop
4,-30.0,noloop
4,-10.29,noloop
4,-10.41,noloop
4,-10.515,noloop
4,-43.0,noloop
4,-30.0,noloop
4,-43.0,noloop
4,-10.62,noloop
4,-33.005,noloop
4,-24.45,noloop
4,-43.0,noloop
4,-10.36,noloop
4,-10.27,noloop
4,-10.31,noloop
4,-10.31,noloop
4,-30.0,noloop
4,-10.33,noloop
4,-10.43,noloop
4,-10.45,noloop
4,-30.0,noloop
4,-30.0,noloop
4,-24.195,noloop
4,-31.93,noloop
4,-23.74,noloop
4,-24.38,noloop
4,-10.37,noloop
4,-10.25,noloop
4,-10.42,noloop
4,-10.38,noloop
4,-10.3,noloop
4,-30.0,noloop
4,-30.0,noloop
4,-22.34,noloop
4,-28.11,noloop
4,-43.0,noloop
4,-10.59,noloop
4,-30.0,noloop
4,-21.43,noloop
4,-10.31,noloop
4,-10.27,noloop
4,-30.0,noloop
4,-10.27,noloop
4,-30.0,noloop
4,-23.200000000000003,noloop
4,-30.51,noloop
4,-22.65,noloop
4,-10.64,noloop
4,-30.0,noloop
4,-30.0,noloop
4,-10.49,noloop
4,-10.58,noloop
4,-10.475,noloop
4,-10.47,noloop
4,-10.62,noloop
4,-29.4,noloop
4,-41.7,noloop
4,-36.225,noloop
4,-30.0,noloop
4,-30.0,noloop
4,-22.15,noloop
4,-30.0,noloop
4,-10.55,noloop
4,-30.0,noloop
4,-30.0,noloop
4,-10.565,noloop
4,-10.57,noloop
4,-10.59,noloop
4,-10.45,noloop
4,-21.155,noloop
4,-37.52,noloop
4,-37.15,noloop
4,-22.97,noloop
4,-21.04,noloop
4,-25.23,noloop
4,-38.32,noloop
4,-28.36,noloop
4,-10.645,noloop
4,-31.14,noloop
4,-24.99,noloop
4,-23.585,noloop
4,-23.38,noloop
4,-22.14,noloop
4,-41.49,noloop
4,-10.46,noloop
4,-10.32,noloop
4,-10.52,noloop
4,-10.49,noloop
4,-10.465,noloop
4,-10.32,noloop
4,-30.0,noloop
4,-10.36,noloop
4,-30.0,noloop
4,-30.0,noloop
4,-10.39,noloop
4,-10.41,noloop
4,-10.53,noloop
4,-30.0,noloop
4,-10.6,noloop
4,-10.6,noloop
4,-10.41,noloop
4,-10.52,noloop
4,-10.59,noloop
4,-10.62,noloop
4,-42.9,noloop
4,-10.38,noloop
4,-39.205,noloop
4,-30.0,noloop
4,-41.16,noloop
4,-30.0,noloop
4,-42.99,noloop
4,-30.0,noloop
4,-21.72,noloop
4,-25.35,noloop
4,-30.0,noloop
4,-42.91,noloop
4,-30.0,noloop
4,-30.0,noloop
4,-30.0,noloop
4,-21.63,noloop
4,-30.63,noloop
4,-30.0,noloop
4,-30.0,noloop
4,-30.0,noloop
4,-30.0,noloop
4,-30.0,noloop
4,-23.49,noloop
4,-20.97,noloop
4,-25.4,noloop
4,-43.0,noloop
4,-30.0,noloop
4,-21.145,noloop
4,-41.51,noloop
4,-41.63,noloop
4,-30.0,noloop
4,-21.08,noloop
4,-22.085,noloop
4,-21.7,noloop
4,-43.0,noloop
4,-10.63,noloop
4,-30.0,noloop
4,-30.0,noloop
4,-30.0,noloop
4,-32.035,noloop
4,-26.625,noloop
4,-10.45,noloop
4,-20.94,noloop
4,-42.91,noloop
4,-42.99,noloop
4,-41.7,noloop
4,-27.39,noloop
4,-27.34,noloop
4,-24.56,noloop
4,-21.14,noloop
4,-23.08,noloop
4,-21.72,noloop
4,-30.0,noloop
4,-30.0,noloop
4,-10.63,noloop
4,-30.0,noloop
4,-10.435,noloop
4,-10.38,noloop
4,-43.0,noloop
4,-10.42,noloop
4,-30.0,noloop
4,-10.4,noloop
4,-10.585,noloop
4,-10.6,noloop
4,-21.38,noloop
4,-43.0,noloop
4,-10.62,noloop
4,-30.0,noloop
4,-30.0,noloop
4,-28.145,noloop
4,-22.04,noloop
4,-23.645,noloop
4,-22.805,noloop
4,-24.705,noloop
4,-26.79,noloop
4,-22.05,noloop
4,-22.05,noloop
4,-27.28,noloop
4,-27.28,noloop
4,-30.0,noloop
4,-30.0,noloop
4,-10.595,noloop
4,-30.0,noloop
4,-30.0,noloop
4,-30.0,noloop
4,-30.0,noloop
4,-20.97,noloop
4,-30.0,noloop
4,-22.04,noloop
4,-30.0,noloop
4,-30.0,noloop
4,-30.0,noloop
4,-23.16,noloop
4,-10.65,noloop
4,-30.0,noloop
4,-30.0,noloop
4,-30.0,noloop
4,-10.52,noloop
4,-30.0,noloop
4,-10.55,noloop
4,-23.705,noloop
4,-21.955,noloop
4,-21.91,noloop
4,-10.41,noloop
4,-10.45,noloop
4,-30.0,noloop
4,-10.54,noloop
4,-25.67,noloop
4,-30.0,noloop
4,-30.0,noloop
4,-30.0,noloop
4,-30.0,noloop
4,-30.0,noloop
4,-30.0,noloop
4,-30.0,noloop
4,-30.0,noloop
4,-30.0,noloop
4,-30.0,noloop
4,-30.0,noloop
4,-30.0,noloop
4,-10.62,noloop
4,-21.11,noloop
4,-30.0,noloop
4,-10.31,noloop
4,-10.56,noloop
4,-30.0,noloop
4,-24.37,noloop
4,-21.12,noloop
4,-10.385000000000002,noloop
4,-30.0,noloop
4,-30.0,noloop
4,-30.0,noloop
4,-30.0,noloop
4,-30.0,noloop
4,-30.0,noloop
4,-30.0,noloop
4,-30.0,noloop
4,-30.0,noloop
4,-30.0,noloop
4,-30.0,noloop
4,-30.0,noloop
4,-30.0,noloop
4,-30.0,noloop
4,-30.0,noloop
4,-30.0,noloop
4,-30.0,noloop
4,-30.0,noloop
4,-30.0,noloop
4,-30.0,noloop
4,-30.0,noloop
4,-30.0,noloop
4,-30.0,noloop
4,-30.0,noloop
4,-10.49,noloop
4,-32.15,noloop
4,-10.62,noloop
4,-10.59,noloop
4,-10.465,noloop
4,-27.44,noloop
4,-24.97,noloop
4,-24.97,noloop
4,-10.595,noloop
4,-10.36,noloop
4,-10.545,noloop
4,-10.51,noloop
4,-10.48,noloop
4,-10.41,noloop
4,-10.58,noloop
4,-10.47,noloop
4,-22.02,noloop
4,-23.08,noloop
4,-21.77,noloop
4,-10.59,noloop
4,-30.0,noloop
4,-30.0,noloop
4,-30.0,noloop
4,-30.0,noloop
4,-10.51,noloop
4,-29.245,noloop
4,-23.69,noloop
4,-25.71,noloop
4,-25.71,noloop
4,-21.11,noloop
4,-24.21,noloop
4,-22.155,noloop
4,-22.055,noloop
4,-30.0,noloop
4,-30.0,noloop
4,-30.0,noloop
4,-30.0,noloop
4,-30.0,noloop
4,-30.0,noloop
4,-30.0,noloop
4,-30.0,noloop
4,-30.0,noloop
4,-30.0,noloop
4,-30.0,noloop
4,-10.55,noloop
4,-30.0,noloop
4,-36.91,noloop
4,-21.05,noloop
4,-21.07,noloop
4,-22.735,noloop
4,-23.1,noloop
4,-24.45,noloop
4,-24.385,noloop
4,-21.880000000000003,noloop
4,-21.85,noloop
4,-21.85,noloop
4,-23.715,noloop
4,-21.13,noloop
4,-10.61,noloop
4,-31.23,noloop
4,-10.455,noloop
4,-30.0,noloop
4,-30.0,noloop
4,-30.0,noloop
4,-30.0,noloop
4,-30.36,noloop
4,-20.895,noloop
4,-30.0,noloop
4,-20.98,noloop
4,-30.0,noloop
4,-21.615,noloop
4,-10.45,noloop
4,-10.535,noloop
4,-10.48,noloop
4,-10.41,noloop
4,-22.12,noloop
4,-23.39,noloop
4,-10.47,noloop
4,-30.0,noloop
4,-30.0,noloop
4,-30.0,noloop
4,-30.0,noloop
4,-30.0,noloop
4,-10.34,noloop
4,-30.0,noloop
4,-30.0,noloop
4,-30.0,noloop
4,-30.0,noloop
4,-30.0,noloop
4,-30.0,noloop
4,-30.0,noloop
4,-30.0,noloop
4,-30.0,noloop
4,-30.0,noloop
4,-10.54,noloop
4,-30.0,noloop
4,-10.465,noloop
4,-27.09,noloop
4,-10.55,noloop
4,-10.48,noloop
4,-10.47,noloop
4,-10.49,noloop
4,-10.48,noloop
4,-10.45,noloop
4,-10.32,noloop
4,-10.42,noloop
4,-10.535,noloop
4,-10.52,noloop
4,-10.58,noloop
4,-27.02,noloop
4,-10.48,noloop
4,-24.61,noloop
4,-10.51,noloop
4,-10.54,noloop
4,-30.0,noloop
4,-23.415,noloop
4,-10.43,noloop
4,-25.77,noloop
4,-10.45,noloop
4,-22.255000000000003,noloop
4,-10.47,noloop
4,-23.03,noloop
4,-25.27,noloop
4,-10.63,noloop
4,-22.87,noloop
4,-10.52,noloop
4,-22.03,noloop
4,-10.65,noloop
4,-10.45,noloop
4,-23.3,noloop
4,-10.65,noloop
4,-20.84,noloop
4,-10.48,noloop
4,-25.07,noloop
4,-10.61,noloop
4,-30.0,noloop
4,-10.54,noloop
4,-10.59,noloop
4,-10.55,noloop
4,-10.63,noloop
4,-10.58,noloop
4,-30.0,noloop
4,-10.5,noloop
4,-10.65,noloop
4,-10.6,noloop
4,-30.0,noloop
4,-10.58,noloop
4,-10.64,noloop
4,-30.0,noloop
4,-10.6,noloop
4,-10.65,noloop
4,-10.49,noloop
4,-10.62,noloop
4,-10.59,noloop
4,-30.0,noloop
4,-10.49,noloop
4,-10.585,noloop
4,-10.555,noloop
4,-30.0,noloop
4,-30.0,noloop
4,-10.63,noloop
4,-10.63,noloop
4,-10.61,noloop
4,-10.48,noloop
4,-10.55,noloop
4,-10.45,noloop
4,-10.48,noloop
4,-10.4,noloop
4,-10.49,noloop
4,-30.0,noloop
4,-30.0,noloop
4,-30.0,noloop
4,-30.0,noloop
4,-30.0,noloop
4,-30.0,noloop
4,-30.0,noloop
4,-30.0,noloop
4,-30.0,noloop
4,-30.0,noloop
4,-30.0,noloop
4,-10.65,noloop
4,-30.0,noloop
4,-10.54,noloop
4,-10.48,noloop
4,-10.435,noloop
4,-10.45,noloop
4,-10.64,noloop
4,-30.0,noloop
4,-30.0,noloop
4,-10.52,noloop
4,-10.59,noloop
4,-10.53,noloop
4,-10.51,noloop
4,-10.48,noloop
4,-10.46,noloop
4,-10.39,noloop
4,-10.58,noloop
4,-10.41,noloop
4,-10.47,noloop
4,-10.47,noloop
4,-30.0,noloop
4,-30.0,noloop
4,-10.635000000000002,noloop
4,-30.0,noloop
4,-30.0,noloop
4,-30.0,noloop
4,-10.6,noloop
4,-30.0,noloop
4,-10.59,noloop
4,-10.57,noloop
4,-10.39,noloop
4,-10.45,noloop
4,-10.315,noloop
4,-10.35,noloop
4,-10.485,noloop
4,-10.42,noloop
4,-10.595,noloop
4,-30.0,noloop
4,-30.0,noloop
4,-30.0,noloop
4,-10.33,noloop
4,-10.47,noloop
4,-10.34,noloop
4,-30.0,noloop
4,-30.0,noloop
4,-30.0,noloop
4,-10.58,noloop
4,-30.0,noloop
4,-10.62,noloop
4,-10.28,noloop
4,-30.0,noloop
4,-30.0,noloop
4,-30.0,noloop
4,-30.0,noloop
4,-10.34,noloop
4,-30.0,noloop
4,-10.4,noloop
4,-10.59,noloop
4,-30.0,noloop
4,-21.11,noloop
4,-30.0,noloop
4,-30.0,noloop
4,-30.0,noloop
4,-10.53,noloop
4,-10.38,noloop
4,-10.31,noloop
4,-10.4,noloop
4,-30.0,noloop
